Subject,Start Date,End Date,Description,Location,País,Territorio,Entidad
Concentracion Deportiva,01/08/2013,01/12/2013,Concentración Nacional,Medellín,COLOMBIA, Antioquia,FEDERACIÓN COLOMBIANA DE ACTIVIDADES SUBACUÁTICAS
Campeonatos Regionales,02/22/2013,02/24/2013,Campeonato Nacional,Bogotá D.C. ,COLOMBIA, Bogotá D.C.,FEDERACIÓN COLOMBIANA DE ACTIVIDADES SUBACUÁTICAS
1 Ronda Copa Mundo N.A,03/01/2013,03/03/2013,Copa Mundo,Eger,HUNGRIA,,FEDERACIÓN COLOMBIANA DE ACTIVIDADES SUBACUÁTICAS
2 Ronda Copa Mundo N.A.,03/15/2013,03/17/2013,Copa Mundo,Lignano,ITALIA,,FEDERACIÓN COLOMBIANA DE ACTIVIDADES SUBACUÁTICAS
Campeonato Nacional Interclubes por Categorias,03/21/2013,03/26/2013,Campeonato Nacional,Cali ,COLOMBIA, Valle del Cauca,FEDERACIÓN COLOMBIANA DE ACTIVIDADES SUBACUÁTICAS
Campeonato Nacional Interclubes por Categorias,03/21/2013,03/26/2013,Campeonato Nacional,Cali ,COLOMBIA, Valle del Cauca,FEDERACIÓN COLOMBIANA DE ACTIVIDADES SUBACUÁTICAS
II Parada nacional Inerclubes. Elite / Ascenso,03/22/2013,03/25/2013,Campeonato Nacional,Medellín,COLOMBIA, Antioquia,FEDERACIÓN COLOMBIANA DE ACTIVIDADES SUBACUÁTICAS
3 Ronda Copa Mundo N.A. y L.D.,04/04/2013,04/07/2013,Copa Mundo,Sharm el  Sheikh,EGIPTO,,FEDERACIÓN COLOMBIANA DE ACTIVIDADES SUBACUÁTICAS
I campeonato nacional Interclubes con Invitación Internacional,04/05/2013,04/07/2013,Campeonato Nacional,Buenaventura ,COLOMBIA, Valle del Cauca,FEDERACIÓN COLOMBIANA DE ACTIVIDADES SUBACUÁTICAS
4 Ronda Copa Mundo N.A. y L.D.,04/12/2013,04/14/2013,Copa Mundo,Aix Provence,FRANCIA,,FEDERACIÓN COLOMBIANA DE ACTIVIDADES SUBACUÁTICAS
Asamblea Cmas,04/17/2013,04/23/2013,Evento Académico,Cebu,FILIPINAS,,FEDERACIÓN COLOMBIANA DE ACTIVIDADES SUBACUÁTICAS
IX Campeonato Nacional Interclubes con Invitación Internacional,04/26/2013,04/28/2013,Campeonato Nacional,Cali ,COLOMBIA, Valle del Cauca,FEDERACIÓN COLOMBIANA DE ACTIVIDADES SUBACUÁTICAS
Nacional Interclubes sub 21,05/11/2013,05/13/2013,Campeonato Nacional,Villavicencio ,COLOMBIA, Meta,FEDERACIÓN COLOMBIANA DE ACTIVIDADES SUBACUÁTICAS
5 Ronda Copa Mundo N.A.,05/18/2013,05/19/2013,Copa Mundo,Gliwice,POLONIA,,FEDERACIÓN COLOMBIANA DE ACTIVIDADES SUBACUÁTICAS
Concentracion Deportiva,05/23/2013,05/26/2013,Concentración Nacional,Cali ,COLOMBIA, Valle del Cauca,FEDERACIÓN COLOMBIANA DE ACTIVIDADES SUBACUÁTICAS
II campeonato nacional Interclubes con Invitación Internacional,05/24/2013,05/26/2013,Campeonato Nacional,Cartagena ,COLOMBIA, Bolívar,FEDERACIÓN COLOMBIANA DE ACTIVIDADES SUBACUÁTICAS
Festival Infantil Interclubes,05/24/2013,05/26/2013,Campeonato Nacional,Medellín,COLOMBIA, Antioquia,FEDERACIÓN COLOMBIANA DE ACTIVIDADES SUBACUÁTICAS
1 Ronda Copa Mundo Orientacion,05/24/2013,05/26/2013,Copa Mundo,Jesenice,REPÚBLICA CHECA,,FEDERACIÓN COLOMBIANA DE ACTIVIDADES SUBACUÁTICAS
2 Ronda Copa Mundo Orientacion,05/31/2013,06/02/2013,Copa Mundo,Storitzsee bei Erk,ALEMANIA,,FEDERACIÓN COLOMBIANA DE ACTIVIDADES SUBACUÁTICAS
IV Juegos Fedecas,06/14/2013,06/21/2013,Campeonato Nacional,Popayan ,COLOMBIA, Cauca,FEDERACIÓN COLOMBIANA DE ACTIVIDADES SUBACUÁTICAS
Curso Nacional de Juzgamiento de Natación con Aletas y Rugby Subacuático,06/18/2013,06/20/2013,Evento Académico,Popayan ,COLOMBIA, Cauca,FEDERACIÓN COLOMBIANA DE ACTIVIDADES SUBACUÁTICAS
Concentracion Deportiva,06/24/2013,07/05/2013,Concentración Nacional,Bogotá D.C. ,COLOMBIA, Bogotá D.C.,FEDERACIÓN COLOMBIANA DE ACTIVIDADES SUBACUÁTICAS
Festival Internacional Infantil,07/11/2013,07/17/2013,Concentracion Internacional,La Habana,CUBA,,FEDERACIÓN COLOMBIANA DE ACTIVIDADES SUBACUÁTICAS
Concentracion Deportiva,07/22/2013,07/25/2013,Concentración Nacional,Cali ,COLOMBIA, Valle del Cauca,FEDERACIÓN COLOMBIANA DE ACTIVIDADES SUBACUÁTICAS
Campeonatos Regionales,07/26/2013,07/28/2013,Campeonato Nacional,Bogotá D.C. ,COLOMBIA, Bogotá D.C.,FEDERACIÓN COLOMBIANA DE ACTIVIDADES SUBACUÁTICAS
World Games,07/26/2013,07/27/2013,Juegos Mundiales,Cali ,COLOMBIA, Valle del Cauca,FEDERACIÓN COLOMBIANA DE ACTIVIDADES SUBACUÁTICAS
III Parada Nacional Interclubes. Ascenso,08/02/2013,08/04/2013,Campeonato Nacional,Pereira ,COLOMBIA, Risaralda,FEDERACIÓN COLOMBIANA DE ACTIVIDADES SUBACUÁTICAS
Juegos Mundiales CMAS,08/03/2013,08/13/2013,Juegos Mundiales,Kazan,RUSIA,,FEDERACIÓN COLOMBIANA DE ACTIVIDADES SUBACUÁTICAS
Festival Infantil Ligas,08/16/2013,08/19/2013,Campeonato Nacional,Girardot ,COLOMBIA, Cundinamarca,FEDERACIÓN COLOMBIANA DE ACTIVIDADES SUBACUÁTICAS
III Parada Nacional Interclubes. Elite,08/17/2013,08/19/2013,Campeonato Nacional,Bogotá D.C. ,COLOMBIA, Bogotá D.C.,FEDERACIÓN COLOMBIANA DE ACTIVIDADES SUBACUÁTICAS
I Juegos de Mar y Playa,08/23/2013,08/31/2013,Campeonato Nacional,San Andrés,COLOMBIA,San Andrés y Providencia,FEDERACIÓN COLOMBIANA DE ACTIVIDADES SUBACUÁTICAS
Campeonato Mundial Mayores - Hockey,08/23/2013,08/23/2013,Campeonato Mundial,Eger,HUNGRIA,,FEDERACIÓN COLOMBIANA DE ACTIVIDADES SUBACUÁTICAS
Campeonato Mundial Juvenil - Hockey,08/23/2013,08/23/2013,Campeonato Mundial,Eger,HUNGRIA,,FEDERACIÓN COLOMBIANA DE ACTIVIDADES SUBACUÁTICAS
Panamericano -Pesca Submarina,09/10/2013,09/15/2013,Juegos Panamericanos,Miami,ESTADOS UNIDOS,,FEDERACIÓN COLOMBIANA DE ACTIVIDADES SUBACUÁTICAS
3 Ronda Copa Mundo Orientacion,09/12/2013,09/13/2013,Copa Mundo,Lake Lepenice,CROACIA,,FEDERACIÓN COLOMBIANA DE ACTIVIDADES SUBACUÁTICAS
4 Ronda Copa Mundo Orientacion,09/19/2013,09/22/2013,Copa Mundo,Bad Saag Woeter,AUSTRALIA,,FEDERACIÓN COLOMBIANA DE ACTIVIDADES SUBACUÁTICAS
Nacional Interclubes por Categoria,09/27/2013,09/30/2013,Campeonato Nacional,San Andrés,COLOMBIA,San Andrés y Providencia,FEDERACIÓN COLOMBIANA DE ACTIVIDADES SUBACUÁTICAS
Final Copa Mundo - N.A y L.D,09/28/2013,09/30/2013,Copa Mundo,Geneva,SUIZA,,FEDERACIÓN COLOMBIANA DE ACTIVIDADES SUBACUÁTICAS
Nacional Interclubes de Velocidad y Universitario,10/11/2013,10/14/2013,Campeonato Nacional,Medellín,COLOMBIA, Antioquia,FEDERACIÓN COLOMBIANA DE ACTIVIDADES SUBACUÁTICAS
I Parada Nacional Interclubes. Ascenso,10/11/2013,10/14/2013,Campeonato Nacional,Cali ,COLOMBIA, Valle del Cauca,FEDERACIÓN COLOMBIANA DE ACTIVIDADES SUBACUÁTICAS
3 Copa Internacional - N.A y L.D,10/12/2013,10/17/2013,Copa Mundo,La Habana,CUBA,,FEDERACIÓN COLOMBIANA DE ACTIVIDADES SUBACUÁTICAS
I Parada Nacional Interclubes. Elite,11/01/2013,11/04/2013,Campeonato Nacional,Cali ,COLOMBIA, Valle del Cauca,FEDERACIÓN COLOMBIANA DE ACTIVIDADES SUBACUÁTICAS
Nacional Interclubes,11/02/2013,11/04/2013,Campeonato Nacional,Medellín,COLOMBIA, Antioquia,FEDERACIÓN COLOMBIANA DE ACTIVIDADES SUBACUÁTICAS
Iberica Copa Abierta- Hockey,11/16/2013,11/17/2013,Copa Mundo,Lisboa,PORTUGAL,,FEDERACIÓN COLOMBIANA DE ACTIVIDADES SUBACUÁTICAS
Nacional Interclubes Juvenil y Mayores,12/06/2013,12/08/2013,Campeonato Nacional,Bogotá D.C. ,COLOMBIA, Bogotá D.C.,FEDERACIÓN COLOMBIANA DE ACTIVIDADES SUBACUÁTICAS
Campeonato Invitacional,12/06/2013,12/08/2013,Campeonato Nacional,Pereira ,COLOMBIA, Risaralda,FEDERACIÓN COLOMBIANA DE ACTIVIDADES SUBACUÁTICAS
Curso Nacional de Entrenadores Natacion Aletas y Rugby,12/06/2013,12/09/2013,Evento Académico,Bogotá D.C. ,COLOMBIA, Bogotá D.C.,FEDERACIÓN COLOMBIANA DE ACTIVIDADES SUBACUÁTICAS
NACIONAL AMATEUR,03/13/2013,03/17/2013,Campeonato Nacional,San Andrés,COLOMBIA,San Andrés y Providencia,FEDERACIÓN COLOMBIANA DE AJEDREZ
Mundial Amateur,04/21/2013,05/01/2013,Juegos Mundiales,Lasi,RUMANIA,,FEDERACIÓN COLOMBIANA DE AJEDREZ
Final Nacional Sub 8 y Sub 14,04/26/2013,05/01/2013,Campeonato Nacional,Medellín,COLOMBIA, Antioquia,FEDERACIÓN COLOMBIANA DE AJEDREZ
Mundial Escolar Sub 7-17,05/06/2013,05/15/2013,Juegos Mundiales,Halkidiki,GRECIA,,FEDERACIÓN COLOMBIANA DE AJEDREZ
Continental Absoluto,05/07/2013,05/15/2013,Campeonato Latinoamericano,Cochabamba,BOLIVIA,,FEDERACIÓN COLOMBIANA DE AJEDREZ
Suramericano Sub-20,05/17/2013,05/23/2013,Juegos Suramericanos de la Juventud,Asunción,PARAGUAY,,FEDERACIÓN COLOMBIANA DE AJEDREZ
Final Nacional Sub 12 y Sub 18,05/29/2013,06/03/2013,Campeonato Nacional,Medellín,COLOMBIA, Antioquia,FEDERACIÓN COLOMBIANA DE AJEDREZ
IRT Fonducar Sub 16-Fondo de empleados Docentes Universidad Cartagena,05/30/2013,06/03/2013,Campeonato Nacional,Cartagena ,COLOMBIA, Bolívar,FEDERACIÓN COLOMBIANA DE AJEDREZ
Zonal Americano absoluto 2.3,05/31/2013,06/07/2013,Open Internacional,San José,COSTA RICA,,FEDERACIÓN COLOMBIANA DE AJEDREZ
Final Nacional Sub 10 y Sub 16,06/05/2013,06/10/2013,Campeonato Nacional,Villavicencio ,COLOMBIA, Meta,FEDERACIÓN COLOMBIANA DE AJEDREZ
Nacional de Mayores (Absoluto y Femenino),07/01/2013,07/07/2013,Campeonato Nacional,Ibague ,COLOMBIA, Tolima,FEDERACIÓN COLOMBIANA DE AJEDREZ
Panamericano Sub 20,07/09/2013,07/14/2013,Campeonato Panamericano,Facatativá,COLOMBIA,Cundinamarca,FEDERACIÓN COLOMBIANA DE AJEDREZ
Festival Panamericano Sub 8 a Sub 18,07/22/2013,07/29/2013,Campeonato Panamericano,Brasil ,BRASIL,,FEDERACIÓN COLOMBIANA DE AJEDREZ
Torneo IRT Feria de las Flores,08/03/2013,08/07/2013,Campeonato Nacional,Medellín,COLOMBIA, Antioquia,FEDERACIÓN COLOMBIANA DE AJEDREZ
Centroamericano y del Caribe Sub 20,08/08/2013,08/20/2013,Campeonato Centroamericano y del Caribe,San Salvador,SALVADOR,,FEDERACIÓN COLOMBIANA DE AJEDREZ
Festival Mundial de Menores Sub 8 y Sub 18,12/17/2013,12/29/2013,Campeonato Mundial,Al Ain,EMIRATOS ÁRABES,,FEDERACIÓN COLOMBIANA DE AJEDREZ
CAMPEONATO MULTISITIOS DE AMERICA,01/01/2013,04/30/2013,Campeonato Nacional,Bogotá D.C. ,COLOMBIA, Bogotá D.C.,FEDERACIÓN ARQUEROS DE COLOMBIA
1º RANKING NACIONAL,02/22/2013,02/24/2013,Campeonato Nacional,Cali ,COLOMBIA, Valle del Cauca,FEDERACIÓN ARQUEROS DE COLOMBIA
GRAN PRIX MEXICANO,03/04/2013,03/11/2013,Grand Prix Internacional,Playa del Carmen,MEXICO,,FEDERACIÓN ARQUEROS DE COLOMBIA
2º RANKING NACIONAL CAMPO,03/08/2013,03/10/2013,Campeonato Nacional,Cali ,COLOMBIA, Valle del Cauca,FEDERACIÓN ARQUEROS DE COLOMBIA
TORNEO DE CAMPO,03/30/2013,04/02/2013,Campeonato Suramericano,Claromecó,ARGENTINA,,FEDERACIÓN ARQUEROS DE COLOMBIA
Curso de Preparacion Estadísticas IANSEO,04/19/2013,04/24/2013,Evento Académico,Santo Domingo,REPÚBLICA DOMINICANA,,FEDERACIÓN ARQUEROS DE COLOMBIA
CAPACITACION MONITORES NIVEL II- Formacion de Arqueros,04/19/2013,04/26/2013,Evento Académico,Medellín,COLOMBIA, Antioquia,FEDERACIÓN ARQUEROS DE COLOMBIA
PRIMERA PARADA REGIONAL DE FORMACION DE ARQUEROS,04/26/2013,04/30/2013,Evento de Preparacion Deportiva,Cartagena ,COLOMBIA, Bolívar,FEDERACIÓN ARQUEROS DE COLOMBIA
CAMPEONATO NACIONAL INTERLIGAS Y CLASIFICATORIO A W G,04/26/2013,04/28/2013,Campeonato Nacional,Cartagena ,COLOMBIA, Bolívar,FEDERACIÓN ARQUEROS DE COLOMBIA
2º PARADA REGIONAL DE FORMAION DE ARQUEROS,05/06/2013,05/31/2013,Evento de Preparacion Deportiva,Leticia ,COLOMBIA, Amazonas,FEDERACIÓN ARQUEROS DE COLOMBIA
1ª COPA MUNDO DE TIRO CON ARCO,05/13/2013,05/19/2013,Copa Mundo,Shangai,CHINA,,FEDERACIÓN ARQUEROS DE COLOMBIA
4ª COPA FUNDACION EASTON,05/31/2013,06/03/2013,Campeonato Mundial,Los Angeles,ESTADOS UNIDOS,,FEDERACIÓN ARQUEROS DE COLOMBIA
3ª PARADA REGIONAL DE FORMACION DE ARQUEROS,06/04/2013,06/28/2013,Evento de Preparacion Deportiva,Manizales ,COLOMBIA, Caldas,FEDERACIÓN ARQUEROS DE COLOMBIA
CURSO DE ENTRENADORES MODALIDAD COMPUESTO,06/10/2013,06/16/2013,Evento Académico,Cali ,COLOMBIA, Valle del Cauca,FEDERACIÓN ARQUEROS DE COLOMBIA
2 COPA MUNDO DE TIRO CON ARCO,06/10/2013,06/16/2013,Copa Mundo,Antalya,TURQUIA,,FEDERACIÓN ARQUEROS DE COLOMBIA
4º CAMPEONATO NACIONAL INTERLIGAS,06/28/2013,07/01/2013,Campeonato Nacional,Medellín,COLOMBIA, Antioquia,FEDERACIÓN ARQUEROS DE COLOMBIA
4 PARADA REGIONAL DE FORMACION DE ARQUEROS,07/02/2013,07/26/2013,Evento de Preparacion Deportiva,Yopal ,COLOMBIA, Casanare,FEDERACIÓN ARQUEROS DE COLOMBIA
CURSO DE JUECES,07/11/2013,07/14/2013,Evento Académico,Medellín,COLOMBIA, Antioquia,FEDERACIÓN ARQUEROS DE COLOMBIA
3 COPA MUNDO DE TIRO CON ARCO,07/15/2013,07/21/2013,Copa Mundo,Medellín,COLOMBIA, Antioquia,FEDERACIÓN ARQUEROS DE COLOMBIA
JUEGOS MUNDIALES CALI 2013,07/25/2013,08/04/2013,Juegos Mundiales,Cali,COLOMBIA,Valle del Cauca,FEDERACIÓN ARQUEROS DE COLOMBIA
5 PARADA REGIONAL DE TIRO CON ARCO,08/05/2013,08/30/2013,Evento de Preparacion Deportiva,Monteria ,COLOMBIA, Córdoba,FEDERACIÓN ARQUEROS DE COLOMBIA
4 COPA MUNDO DE TRIO CON ARCO,08/12/2013,08/18/2013,Copa Mundo,Woroclaw,POLONIA,,FEDERACIÓN ARQUEROS DE COLOMBIA
CURSO DE ENTRENADORES MODALIDAD RECURVO,08/12/2013,08/15/2013,Evento Académico,Bogotá D.C. ,COLOMBIA, Bogotá D.C.,FEDERACIÓN ARQUEROS DE COLOMBIA
CURSO DE ENTRENADORES MODALIDAD RECURVO,08/12/2013,08/15/2013,Evento Académico,Bogotá D.C. ,COLOMBIA, Bogotá D.C.,FEDERACIÓN ARQUEROS DE COLOMBIA
5º CAMPEONATO NACIONAL INTERLIGAS,08/16/2013,08/18/2013,Campeonato Nacional,Bogotá D.C. ,COLOMBIA, Bogotá D.C.,FEDERACIÓN ARQUEROS DE COLOMBIA
RANKING MUNDIAL,08/17/2013,08/25/2013,Campeonato Centroamericano y del Caribe,San José,COSTA RICA,,FEDERACIÓN ARQUEROS DE COLOMBIA
6 PARADA REGIONAL DE FORMACION DE ARQUEROS,09/02/2013,09/27/2013,Evento de Preparacion Deportiva,Soacha,COLOMBIA,Cundinamarca,FEDERACIÓN ARQUEROS DE COLOMBIA
World Archery Championships,09/29/2013,10/06/2013,Campeonato Mundial,Antalya,TURQUIA,,FEDERACIÓN ARQUEROS DE COLOMBIA
7ª PARADA REGIONAL DE FORMACION DE ARQUEROS,10/07/2013,10/28/2013,Evento de Preparacion Deportiva,Villavicencio ,COLOMBIA, Meta,FEDERACIÓN ARQUEROS DE COLOMBIA
WORLD ARCHERY YOUNTH CHAMPIONSHIPS,10/13/2013,10/20/2013,Campeonato Mundial,Wuxi,CHINA,,FEDERACIÓN ARQUEROS DE COLOMBIA
TORNEO RANKING MUNDIAL,10/25/2013,11/02/2013,Campeonato Mundial,Santiago de Chile,CHILE,,FEDERACIÓN ARQUEROS DE COLOMBIA
III TORNEO RANKING MUNDIAL,10/25/2013,11/02/2013,Campeonato Suramericano,Santiago de Chile,CHILE,,FEDERACIÓN ARQUEROS DE COLOMBIA
EVENTO CLASIFICATORIO A LOS JUEGOS OLIMPICOS JUVENILES 2014,11/01/2013,11/30/2013,Clasificatorio al Mundial,Buenos Aires,ARGENTINA,,FEDERACIÓN ARQUEROS DE COLOMBIA
8ª PARADA REGIONAL DE FORMACION DE ARQUEROS,11/04/2013,11/15/2013,Evento de Preparacion Deportiva,Bucaramanga ,COLOMBIA, Santander,FEDERACIÓN ARQUEROS DE COLOMBIA
XVII JUEGOS BOLIVARIANOS,11/16/2013,11/30/2013,Juegos Bolivarianos,Trujillo,PERU,,FEDERACIÓN ARQUEROS DE COLOMBIA
III CAMPEONATO ESCOLAR DE TIRO CON ARCO,11/28/2013,12/01/2013,Campeonato Nacional,Bogotá D.C. ,COLOMBIA, Bogotá D.C.,FEDERACIÓN ARQUEROS DE COLOMBIA
COPA ARGENTINA DE CADETES Y JUVENILES CLASIFICATORIO A LOS J. OLIMPICOS DE LA JUVENTID 2014,12/02/2013,12/06/2013,Campeonato Suramericano,Buenos Aires,ARGENTINA,,FEDERACIÓN ARQUEROS DE COLOMBIA
CAMPEONATO NACIONAL ABIERTO,12/05/2013,12/08/2013,Campeonato Nacional,Bogotá D.C. ,COLOMBIA, Bogotá D.C.,FEDERACIÓN ARQUEROS DE COLOMBIA
COPA NACIONAL DE MARCHA,04/13/2013,04/13/2013,Campeonato Nacional,Bogotá D.C. ,COLOMBIA, Bogotá D.C.,FEDERACIÓN COLOMBIANA DE ATLETISMO
COPA NACIONAL DE LANZAMIENTOS MANUEL PASOS LOPEZ,04/27/2013,04/28/2013,Campeonato Nacional,Bogotá D.C. ,COLOMBIA, Bogotá D.C.,FEDERACIÓN COLOMBIANA DE ATLETISMO
CAMPEONATO NACIONAL INFANTIL CATEGORÍA A,05/04/2013,05/05/2013,Campeonato Nacional,Turbo ,COLOMBIA, Antioquia,FEDERACIÓN COLOMBIANA DE ATLETISMO
CAMPEONATO NACIONAL MENORES,05/17/2013,05/19/2013,Campeonato Nacional,Cali ,COLOMBIA, Valle del Cauca,FEDERACIÓN COLOMBIANA DE ATLETISMO
COPA PANAMERICANA DE MARCHA ATLETICA,05/25/2013,05/26/2013,Campeonato Panamericano,Guatemala ,GUATEMALA,,FEDERACIÓN COLOMBIANA DE ATLETISMO
GRAND PRIX INTERNACIONAL XIMENA RESTREPO,05/25/2013,05/25/2013,Grand Prix Internacional,Medellín,COLOMBIA, Antioquia,FEDERACIÓN COLOMBIANA DE ATLETISMO
FESTIVAL DE SEMIFONDO Y FONDO,05/26/2013,05/26/2013,Torneo Abierto,Medellín,COLOMBIA, Antioquia,FEDERACIÓN COLOMBIANA DE ATLETISMO
CAMPEONATO NACIONAL MAYORES,06/07/2013,06/09/2013,Campeonato Nacional,Cartagena ,COLOMBIA, Bolívar,FEDERACIÓN COLOMBIANA DE ATLETISMO
GRAND PRIX INTERNACIONAL ESCUELA NACIONAL DEL DEPORTE,06/22/2013,06/22/2013,Grand Prix Internacional,Cali,COLOMBIA,Valle del Cauca,FEDERACIÓN COLOMBIANA DE ATLETISMO
FESTIVAL DE SEMIFONDO Y FONDO,06/23/2013,06/23/2013,Torneo Abierto,Cali ,COLOMBIA, Valle del Cauca,FEDERACIÓN COLOMBIANA DE ATLETISMO
CAMPEONATO NACIONAL EN MONTAÑA,06/30/2013,06/30/2013,Campeonato Nacional,Medellín,COLOMBIA, Antioquia,FEDERACIÓN COLOMBIANA DE ATLETISMO
CAMPEONATO SURAMERICANO MAYORES,07/05/2013,07/07/2013,Campeonato Suramericano,Cartagena,COLOMBIA,Bolívar,FEDERACIÓN COLOMBIANA DE ATLETISMO
CAMPEONATO MUNDIAL MENORES,07/10/2013,07/14/2013,Campeonato Mundial,Donets,UCRANIA,,FEDERACIÓN COLOMBIANA DE ATLETISMO
CAMPEONATO NACIONAL JUVENIL,07/12/2013,07/14/2013,Campeonato Nacional,Medellín,COLOMBIA, Antioquia,FEDERACIÓN COLOMBIANA DE ATLETISMO
GRAND PRIX INTERNACIONAL IDRD,07/20/2013,07/20/2013,Grand Prix Internacional,Bogotá D.C. ,COLOMBIA, Bogotá D.C.,FEDERACIÓN COLOMBIANA DE ATLETISMO
FESTIVAL DE SEMIFONDO Y FONDO,07/21/2013,07/21/2013,Torneo Abierto,Bogotá D.C. ,COLOMBIA, Bogotá D.C.,FEDERACIÓN COLOMBIANA DE ATLETISMO
CAMPEONATO PANAMERICANO JUVENIL,08/02/2013,08/04/2013,Campeonato Panamericano,Lima,PERU,,FEDERACIÓN COLOMBIANA DE ATLETISMO
CAMPEONATO MUNDIAL DE ATLETISMO,08/10/2013,08/18/2013,Campeonato Mundial,Moscú,RUSIA,,FEDERACIÓN COLOMBIANA DE ATLETISMO
CAMPEONATO NACIONAL INFANTIL CATEGORIA B,09/07/2013,09/08/2013,Campeonato Nacional,Santander De Quilichao ,COLOMBIA, Cauca,FEDERACIÓN COLOMBIANA DE ATLETISMO
CAMPEONATO MUNDIAL DE MONTAÑA,09/08/2013,09/08/2013,Campeonato Mundial,Krynica Zdroj,POLONIA,,FEDERACIÓN COLOMBIANA DE ATLETISMO
CAMPEONATO NACIONAL MUNICIPAL Y DE CLUBES,09/28/2013,09/29/2013,Campeonato Nacional,Bogotá D.C. ,COLOMBIA, Bogotá D.C.,FEDERACIÓN COLOMBIANA DE ATLETISMO
CAMPEONATO NACIONAL MUNICIPAL Y DE CLUBES,10/05/2013,10/06/2013,Campeonato Nacional,Medellín,COLOMBIA, Antioquia,FEDERACIÓN COLOMBIANA DE ATLETISMO
CAMPEONATO SURAMERICANO DE MARATON,10/06/2013,10/06/2013,Campeonato Suramericano,Buenos Aires,ARGENTINA,,FEDERACIÓN COLOMBIANA DE ATLETISMO
CAMPEONATO SURAMERICANO JUVENIL,10/18/2013,10/20/2013,Campeonato Suramericano,Resistencia,ARGENTINA,,FEDERACIÓN COLOMBIANA DE ATLETISMO
Campeonato de Automovilismo,05/03/2013,05/05/2013,Campeonato Nacional,Tocancipa ,COLOMBIA, Cundinamarca,FEDERACIÓN COLOMBIANA DE AUTOMOVILISMO DEPORTIVO
Campeonato de TC2000,05/05/2013,05/05/2013,Campeonato Nacional,Tocancipa ,COLOMBIA, Cundinamarca,FEDERACIÓN COLOMBIANA DE AUTOMOVILISMO DEPORTIVO
Copa Naspal Rally Colombia,05/05/2013,05/05/2013,Campeonato Nacional,Bojaca ,COLOMBIA, Cundinamarca,FEDERACIÓN COLOMBIANA DE AUTOMOVILISMO DEPORTIVO
Campeonato Nacional de Automovilismo,05/25/2013,05/26/2013,Campeonato Nacional,Tocancipa ,COLOMBIA, Cundinamarca,FEDERACIÓN COLOMBIANA DE AUTOMOVILISMO DEPORTIVO
Campeonato Colombiano de Rally,06/01/2013,06/01/2013,Campeonato Nacional,Pasto ,COLOMBIA, Nariño,FEDERACIÓN COLOMBIANA DE AUTOMOVILISMO DEPORTIVO
Copa Naspal Rally Colombia,06/01/2013,06/01/2013,Campeonato Nacional,Bojaca ,COLOMBIA, Cundinamarca,FEDERACIÓN COLOMBIANA DE AUTOMOVILISMO DEPORTIVO
Campeonato TC2000,06/15/2013,06/15/2013,Campeonato Nacional,Tocancipa ,COLOMBIA, Cundinamarca,FEDERACIÓN COLOMBIANA DE AUTOMOVILISMO DEPORTIVO
Copa Mac,06/15/2013,06/16/2013,Campeonato Nacional,Candelaria ,COLOMBIA, Valle del Cauca,FEDERACIÓN COLOMBIANA DE AUTOMOVILISMO DEPORTIVO
Campeoanto Nacional de Camper Cross,06/16/2013,06/16/2013,Campeonato Nacional,Tocancipa ,COLOMBIA, Cundinamarca,FEDERACIÓN COLOMBIANA DE AUTOMOVILISMO DEPORTIVO
Campaonato Nacional de Piques cuarto de Milla,06/16/2013,06/16/2013,Campeonato Nacional,Tocancipa ,COLOMBIA, Cundinamarca,FEDERACIÓN COLOMBIANA DE AUTOMOVILISMO DEPORTIVO
Copa Naspal Rally Colombia,06/30/2013,06/30/2013,Campeonato Nacional,Susacon ,COLOMBIA, Boyacá,FEDERACIÓN COLOMBIANA DE AUTOMOVILISMO DEPORTIVO
Campaonato Nacional de Trial,06/30/2013,06/30/2013,Campeonato Nacional,Guatavita ,COLOMBIA, Cundinamarca,FEDERACIÓN COLOMBIANA DE AUTOMOVILISMO DEPORTIVO
Campaonato Nacional de Automovilismo,07/06/2013,07/07/2013,Campeonato Nacional,Tocancipa ,COLOMBIA, Cundinamarca,FEDERACIÓN COLOMBIANA DE AUTOMOVILISMO DEPORTIVO
Campaonato Colombiano de Rally,07/12/2013,07/13/2013,Campeonato Nacional,Puerto Lopez ,COLOMBIA, Meta,FEDERACIÓN COLOMBIANA DE AUTOMOVILISMO DEPORTIVO
XXVI Gran Premio Nacional de Tractomulas,07/12/2013,07/14/2013,Campeonato Nacional,Tocancipa ,COLOMBIA, Cundinamarca,FEDERACIÓN COLOMBIANA DE AUTOMOVILISMO DEPORTIVO
Campaonato TC2000,07/21/2013,07/21/2013,Campeonato Nacional,Tocancipa ,COLOMBIA, Cundinamarca,FEDERACIÓN COLOMBIANA DE AUTOMOVILISMO DEPORTIVO
Copa Colombia,07/27/2013,07/28/2013,Campeonato Nacional,Rionegro ,COLOMBIA, Antioquia,FEDERACIÓN COLOMBIANA DE AUTOMOVILISMO DEPORTIVO
Campeonato Nacional de Camper Cross,07/28/2013,07/28/2013,Campeonato Nacional,Tocancipa ,COLOMBIA, Cundinamarca,FEDERACIÓN COLOMBIANA DE AUTOMOVILISMO DEPORTIVO
Campaonato Nacional de Piques Cuarto de Milla,07/28/2013,07/28/2013,Campeonato Nacional,Tocancipa ,COLOMBIA, Cundinamarca,FEDERACIÓN COLOMBIANA DE AUTOMOVILISMO DEPORTIVO
Copa Naspal Rally Colombia,08/03/2013,08/03/2013,Campeonato Nacional,Susa ,COLOMBIA, Cundinamarca,FEDERACIÓN COLOMBIANA DE AUTOMOVILISMO DEPORTIVO
Campeonato Nacional de Trial,08/11/2013,08/11/2013,Campeonato Nacional,Guatavita ,COLOMBIA, Cundinamarca,FEDERACIÓN COLOMBIANA DE AUTOMOVILISMO DEPORTIVO
Campeonato TC2000,08/18/2013,08/18/2013,Campeonato Nacional,Tocancipa ,COLOMBIA, Cundinamarca,FEDERACIÓN COLOMBIANA DE AUTOMOVILISMO DEPORTIVO
Campeoanto Colombiano de Rally,08/30/2013,09/01/2013,Campeonato Nacional,Rionegro ,COLOMBIA, Antioquia,FEDERACIÓN COLOMBIANA DE AUTOMOVILISMO DEPORTIVO
Campeonato Nacional de Automovilismo,08/31/2013,09/01/2013,Campeonato Nacional,Tocancipa ,COLOMBIA, Cundinamarca,FEDERACIÓN COLOMBIANA DE AUTOMOVILISMO DEPORTIVO
Campeonato Nacional de Camper Croos,09/08/2013,09/08/2013,Campeonato Nacional,Tocancipa ,COLOMBIA, Cundinamarca,FEDERACIÓN COLOMBIANA DE AUTOMOVILISMO DEPORTIVO
Campeonato Nacional de Piques cuerto de Milla,09/08/2013,09/08/2013,Campeonato Nacional,Tocancipa ,COLOMBIA, Cundinamarca,FEDERACIÓN COLOMBIANA DE AUTOMOVILISMO DEPORTIVO
Copa Naspal Rally Colombia,09/14/2013,09/14/2013,Campeonato Nacional,Puerto Lopez ,COLOMBIA, Meta,FEDERACIÓN COLOMBIANA DE AUTOMOVILISMO DEPORTIVO
Copa Mac,09/21/2013,09/22/2013,Campeonato Nacional,Candelaria ,COLOMBIA, Valle del Cauca,FEDERACIÓN COLOMBIANA DE AUTOMOVILISMO DEPORTIVO
Campeonato Nacional de Trial,09/22/2013,09/22/2013,Campeonato Nacional,Guatavita ,COLOMBIA, Cundinamarca,FEDERACIÓN COLOMBIANA DE AUTOMOVILISMO DEPORTIVO
Campeonato TC2000,09/29/2013,09/29/2013,Campeonato Nacional,Tocancipa ,COLOMBIA, Cundinamarca,FEDERACIÓN COLOMBIANA DE AUTOMOVILISMO DEPORTIVO
Campeonato Colombiano de Rally,10/04/2013,10/06/2013,Campeonato Nacional,Garzon ,COLOMBIA, Huila,FEDERACIÓN COLOMBIANA DE AUTOMOVILISMO DEPORTIVO
Campeonato TC2000,10/20/2013,10/20/2013,Campeonato Nacional,Tocancipa ,COLOMBIA, Cundinamarca,FEDERACIÓN COLOMBIANA DE AUTOMOVILISMO DEPORTIVO
Copa Naspal Rally Colombia,10/26/2013,10/26/2013,Campeonato Nacional,Sopo ,COLOMBIA, Cundinamarca,FEDERACIÓN COLOMBIANA DE AUTOMOVILISMO DEPORTIVO
Campeonato Nacional de Automovilismo,10/26/2013,10/27/2013,Campeonato Nacional,Tocancipa ,COLOMBIA, Cundinamarca,FEDERACIÓN COLOMBIANA DE AUTOMOVILISMO DEPORTIVO
Copa Colombia,10/27/2013,10/27/2013,Campeonato Nacional,Medellín,COLOMBIA, Antioquia,FEDERACIÓN COLOMBIANA DE AUTOMOVILISMO DEPORTIVO
Campeonato Nacional de Trial,10/27/2013,10/27/2013,Campeonato Nacional,Guatavita ,COLOMBIA, Cundinamarca,FEDERACIÓN COLOMBIANA DE AUTOMOVILISMO DEPORTIVO
Campeonato Nacional de Camper Cross,11/24/2013,11/24/2013,Campeonato Nacional,Tocancipa ,COLOMBIA, Cundinamarca,FEDERACIÓN COLOMBIANA DE AUTOMOVILISMO DEPORTIVO
Campeonato Nacional de Piques cuarto de Milla,11/24/2013,11/24/2013,Campeonato Nacional,Tocancipa ,COLOMBIA, Cundinamarca,FEDERACIÓN COLOMBIANA DE AUTOMOVILISMO DEPORTIVO
Campeonato TC2000,11/24/2013,11/24/2013,Campeonato Nacional,Tocancipa ,COLOMBIA, Cundinamarca,FEDERACIÓN COLOMBIANA DE AUTOMOVILISMO DEPORTIVO
Copa Naspal Rally Colombia,11/30/2013,11/30/2013,Campeonato Nacional,Susa ,COLOMBIA, Cundinamarca,FEDERACIÓN COLOMBIANA DE AUTOMOVILISMO DEPORTIVO
Copa Mac,11/30/2013,12/01/2013,Campeonato Nacional,Candelaria ,COLOMBIA, Valle del Cauca,FEDERACIÓN COLOMBIANA DE AUTOMOVILISMO DEPORTIVO
6 Horas de Bogota,12/07/2013,12/08/2013,Campeonato Nacional,Tocancipa ,COLOMBIA, Cundinamarca,FEDERACIÓN COLOMBIANA DE AUTOMOVILISMO DEPORTIVO
I Valida Liga Nacional,03/22/2013,03/24/2013,Campeonato Nacional,Cajica ,COLOMBIA, Cundinamarca,FEDERACIÓN COLOMBIANA DE BÁDMINTON
XVIII PERÚ INTERNACIONAL 2013,04/10/2013,04/14/2013,Concentracion Internacional,Lima,PERU,,FEDERACIÓN COLOMBIANA DE BÁDMINTON
III Valida Nacional,04/12/2013,04/14/2013,Campeonato Nacional,Popayan ,COLOMBIA, Cauca,FEDERACIÓN COLOMBIANA DE BÁDMINTON
CAPACITACIÓN EN JUZGAMIENTO,04/15/2013,04/15/2013,Concentración Nacional,Circasia ,COLOMBIA, Quindío,FEDERACIÓN COLOMBIANA DE BÁDMINTON
CAMPAMENTO DE TALENTOS,04/16/2013,04/18/2013,Concentración Nacional,Circasia ,COLOMBIA, Quindío,FEDERACIÓN COLOMBIANA DE BÁDMINTON
II Valida Nacional,04/17/2013,04/19/2013,Campeonato Nacional,Circasia ,COLOMBIA, Quindío,FEDERACIÓN COLOMBIANA DE BÁDMINTON
I Valida Liga Nacional,04/19/2013,04/21/2013,Campeonato Nacional,Armenia ,COLOMBIA, Quindío,FEDERACIÓN COLOMBIANA DE BÁDMINTON
CAPACITACIÓN ENTRENADORES INTERNACIONAL,04/29/2013,04/29/2013,Concentracion Internacional,Perú,PERU,,FEDERACIÓN COLOMBIANA DE BÁDMINTON
CAPACITACIÓN ENTRENADORES INTERNACIONAL,04/29/2013,04/29/2013,Concentracion Internacional,Guatemala ,GUATEMALA,,FEDERACIÓN COLOMBIANA DE BÁDMINTON
CAPACITACIÓN ENTRENADORES INTERNACIONAL,04/29/2013,04/29/2013,Concentracion Internacional,Brasil ,BRASIL,,FEDERACIÓN COLOMBIANA DE BÁDMINTON
CAPACITACIÓN ENTRENADORES INTERNACIONAL,04/29/2013,04/29/2013,Concentracion Internacional,España ,ESPAÑA,,FEDERACIÓN COLOMBIANA DE BÁDMINTON
CAPACITACIÓN ORGANIZACIÓN DE CAMPEONATOS TOURNAMENT SOFTWARE,04/30/2013,04/30/2013,Concentración Nacional,Armenia ,COLOMBIA, Quindío,FEDERACIÓN COLOMBIANA DE BÁDMINTON
SISTEMA NACIONAL DE ACREDITACIÓN Y CAPACITACIÓN DE ENTRENADORES FCB,05/02/2013,05/02/2013,Concentración Nacional,Circasia ,COLOMBIA, Quindío,FEDERACIÓN COLOMBIANA DE BÁDMINTON
CAPACITACIÓN ADMINISTRACIÓN DEPORTIVA LIGAS Y CLUBES,05/24/2013,05/24/2013,Concentración Nacional,Circasia ,COLOMBIA, Quindío,FEDERACIÓN COLOMBIANA DE BÁDMINTON
ARGENTINA INTERNACIONAL 2013,06/06/2013,06/09/2013,Concentracion Internacional,Buenos Aires,ARGENTINA,,FEDERACIÓN COLOMBIANA DE BÁDMINTON
CAMPAMENTO DE TALENTOS,06/18/2013,06/20/2013,Concentración Nacional,Antioquia ,COLOMBIA,Antioquia,FEDERACIÓN COLOMBIANA DE BÁDMINTON
II Valida Nacional,06/21/2013,06/23/2013,Campeonato Nacional,Medellín,COLOMBIA, Antioquia,FEDERACIÓN COLOMBIANA DE BÁDMINTON
XXII PAM AM JUNIOR TEAM EVENT,06/21/2013,06/23/2013,Concentracion Internacional,Puerto Vallarta,MEXICO,,FEDERACIÓN COLOMBIANA DE BÁDMINTON
LIGA NACIONAL DE ESPAÑA,06/23/2013,07/14/2013,Concentracion Internacional,Madrid,ESPAÑA,,FEDERACIÓN COLOMBIANA DE BÁDMINTON
XXII PAM AM JUNIOR INDIVIDUAL EVENT,06/24/2013,06/28/2013,Concentracion Internacional,Puerto Vallarta,MEXICO,,FEDERACIÓN COLOMBIANA DE BÁDMINTON
“IV COLOMBIA INTERNACIONAL”,08/16/2013,08/18/2013,Concentración Nacional,Bogotá D.C. ,COLOMBIA, Bogotá D.C.,FEDERACIÓN COLOMBIANA DE BÁDMINTON
CAMPAMENTO DE TALENTOS,08/16/2013,08/18/2013,Concentración Nacional,Chía,COLOMBIA, Cundinamarca,FEDERACIÓN COLOMBIANA DE BÁDMINTON
GUATEMALA INTERNACIONAL SERIES,09/05/2013,09/08/2013,Concentracion Internacional,Guatemala ,GUATEMALA,,FEDERACIÓN COLOMBIANA DE BÁDMINTON
I JUEGOS SURAMERICANOS DE LA JUVENTUD,09/14/2013,09/30/2013,Juegos Suramericanos,Lima,PERU,,FEDERACIÓN COLOMBIANA DE BÁDMINTON
III Valida Liga Nacional,09/21/2013,09/23/2013,Campeonato Nacional,Tunja ,COLOMBIA, Boyacá,FEDERACIÓN COLOMBIANA DE BÁDMINTON
XXVIII BRAZIL INTERNACIONAL 2013,10/02/2013,10/06/2013,Concentracion Internacional,Sao Paulo,BRASIL,,FEDERACIÓN COLOMBIANA DE BÁDMINTON
CAMPAMENTO DE TALENTOS,10/09/2013,10/11/2013,Concentración Nacional,Popayan ,COLOMBIA, Cauca,FEDERACIÓN COLOMBIANA DE BÁDMINTON
CAMPAMENTO DE TALENTOS,10/15/2013,10/17/2013,Concentración Nacional,Bogotá D.C. ,COLOMBIA, Bogotá D.C.,FEDERACIÓN COLOMBIANA DE BÁDMINTON
IV Valida Liga Nacional,10/18/2013,10/20/2013,Campeonato Nacional,Bogotá D.C. ,COLOMBIA, Bogotá D.C.,FEDERACIÓN COLOMBIANA DE BÁDMINTON
Campeonato Nacional Junior,11/08/2013,11/10/2013,Campeonato Nacional,Cartago ,COLOMBIA, Valle del Cauca,FEDERACIÓN COLOMBIANA DE BÁDMINTON
XVII JUEGOS DEPORTIVOS BOLIVARIANOS,11/16/2013,11/30/2013,Juegos Bolivarianos,Trujillo,PERU,,FEDERACIÓN COLOMBIANA DE BÁDMINTON
Copa Sir Arthur Smithyes,12/12/2013,12/14/2013,Campeonato Nacional,Popayan ,COLOMBIA, Cauca,FEDERACIÓN COLOMBIANA DE BÁDMINTON
SISTEMA NACIONAL DE ACREDITACIÓN Y CAPACITACIÓN DE ENTRENADORES FCB,12/12/2013,12/12/2013,Concentración Nacional,Popayan ,COLOMBIA, Cauca,FEDERACIÓN COLOMBIANA DE BÁDMINTON
COPA INVITACIONAL FCB,02/01/2013,11/30/2013,Campeonato Nacional,Bogotá D.C. ,COLOMBIA, Bogotá D.C.,FEDERACIÓN COLOMBIANA DE BALONCESTO
INTERLIGAS CLUBES SSUB-20 FEMENINO,05/17/2013,05/24/2013,Campeonato Nacional,Cartago ,COLOMBIA, Valle del Cauca,FEDERACIÓN COLOMBIANA DE BALONCESTO
INTERLIGAS CLUBES SUB-20 MASCULINO,05/24/2013,06/01/2013,Campeonato Nacional,Cartago ,COLOMBIA, Valle del Cauca,FEDERACIÓN COLOMBIANA DE BALONCESTO
INTERLIGAS CLUBES SUB-23 FEMENINO,06/01/2013,06/08/2013,Campeonato Nacional,Medellín,COLOMBIA, Antioquia,FEDERACIÓN COLOMBIANA DE BALONCESTO
SURAMERICANO MAYORES FEMENINO,06/03/2013,06/10/2013,Juegos Suramericanos,Pendiente,CHILE,,FEDERACIÓN COLOMBIANA DE BALONCESTO
CLINICA DE ENTRENADORES II NIVEL,06/06/2013,06/09/2013,Evento Académico,Cali ,COLOMBIA, Valle del Cauca,FEDERACIÓN COLOMBIANA DE BALONCESTO
INTERLIGAS CLUBES SUB-17 MASCULINO,06/21/2013,06/28/2013,Campeonato Nacional,Riohacha ,COLOMBIA, La Guajira,FEDERACIÓN COLOMBIANA DE BALONCESTO
INTERLIGAS CLUBES MAORES FEMENINO,06/28/2013,07/06/2013,Juegos Nacionales,Medellín,COLOMBIA, Antioquia,FEDERACIÓN COLOMBIANA DE BALONCESTO
CLINICA DE ARBITROS FIBA AMERICAS,07/12/2013,07/15/2013,Evento Académico,Bogotá D.C. ,COLOMBIA, Bogotá D.C.,FEDERACIÓN COLOMBIANA DE BALONCESTO
SURAMERICANO DE CLUBES MAYORES FEMENINO,07/21/2013,07/27/2013,Juegos Suramericanos,Mendoza,ARGENTINA,,FEDERACIÓN COLOMBIANA DE BALONCESTO
INTERLIGAS CLUBES SUB-23 MASCULINO,07/26/2013,08/03/2013,Campeonato Nacional,San Andrés,COLOMBIA,San Andrés y Providencia,FEDERACIÓN COLOMBIANA DE BALONCESTO
SURAMERICANO SUB-17 MASCULINO,08/05/2013,08/10/2013,Juegos Suramericanos,Sin Definir,URUGUAY,,FEDERACIÓN COLOMBIANA DE BALONCESTO
PREMUNDIAL MAYORES MASCULINO,08/30/2013,09/11/2013,Clasificatorio al Mundial,Caracas,VENEZUELA,,FEDERACIÓN COLOMBIANA DE BALONCESTO
INTERLIGAS CLUBES SUB-17 FEMENINO,08/30/2013,09/07/2013,Campeonato Nacional,Pasto ,COLOMBIA, Nariño,FEDERACIÓN COLOMBIANA DE BALONCESTO
SURAMERICANO SUB-17 FEMENINO,09/09/2013,09/15/2013,Juegos Suramericanos,Sin Definir,NO DEFINIDO,,FEDERACIÓN COLOMBIANA DE BALONCESTO
INTERLIGAS SUB-15 MASCULINO,09/13/2013,09/21/2013,Campeonato Nacional,Santa Marta ,COLOMBIA, Magdalena,FEDERACIÓN COLOMBIANA DE BALONCESTO
PREMUNDIAL MAYORS FEMENINO,09/23/2013,09/29/2013,Clasificatorio al Mundial,Sin Definir,NO DEFINIDO,,FEDERACIÓN COLOMBIANA DE BALONCESTO
INTERLIGAS SUB-15 FEMENINO,10/05/2013,10/13/2013,Campeonato Nacional,Bucaramanga ,COLOMBIA, Santander,FEDERACIÓN COLOMBIANA DE BALONCESTO
MINI-BALONCESTO AMBAS RMAS,10/11/2013,10/14/2013,Campeonato Nacional,Cali ,COLOMBIA, Valle del Cauca,FEDERACIÓN COLOMBIANA DE BALONCESTO
LIGA SURAMERICANA MAYORES DE CLUBES,10/12/2013,10/19/2013,Juegos Suramericanos,Sin Definir,NO DEFINIDO,,FEDERACIÓN COLOMBIANA DE BALONCESTO
SURAMERICANO SUB-15 MASCULINO,10/14/2013,10/20/2013,Juegos Suramericanos,Sin definir,ECUADOR,,FEDERACIÓN COLOMBIANA DE BALONCESTO
JUEGOS BOLIVARIANOS AMBAS RAMAS,11/04/2013,11/12/2013,Juegos Bolivarianos,Cúcuta,COLOMBIA,Norte de Santander,FEDERACIÓN COLOMBIANA DE BALONCESTO
PASARELLA AMBAS RAMA,11/07/2013,11/11/2013,Campeonato Nacional,Popayan ,COLOMBIA, Cauca,FEDERACIÓN COLOMBIANA DE BALONCESTO
SURAMERICANO SUB-15 FEMENINO,11/18/2013,11/24/2013,Juegos Suramericanos,Sin Definir,NO DEFINIDO,,FEDERACIÓN COLOMBIANA DE BALONCESTO
INTERLIGAS INFANTIL MASCULINO,11/29/2013,12/07/2013,Campeonato Nacional,Neiva ,COLOMBIA, Huila,FEDERACIÓN COLOMBIANA DE BALONCESTO
INTERLIGAS INFANTIL FEMENINO,11/29/2013,12/07/2013,Juegos Paralimpicos de Verano,Cúcuta,COLOMBIA,Norte de Santander,FEDERACIÓN COLOMBIANA DE BALONCESTO
EVENTO INVITACIONAL,03/20/2013,03/27/2013,Open Internacional,Bocachica,REPÚBLICA DOMINICANA,,FEDERACION COLOMBIANA DE BEISBOL
MUNDIAL DE CRIOLLITOS,03/22/2013,03/29/2013,Open Internacional,Caracas,VENEZUELA,,FEDERACION COLOMBIANA DE BEISBOL
"SEMINARIO PARA ARBITROS, ANOTADORES Y COMPLILADORES",04/01/2013,04/06/2013,Evento Académico,Cartagena ,COLOMBIA, Bolívar,FEDERACION COLOMBIANA DE BEISBOL
"SEMINARIO PARA ARBITROS, DIRIGENTES",04/15/2013,04/20/2013,Evento Académico,Acandi ,COLOMBIA, Chocó,FEDERACION COLOMBIANA DE BEISBOL
"SEMINIARIO DE TECNICOS, ARBITROS DE BEISBOL",05/13/2013,05/18/2013,Evento Académico,Curazao,CURAZAO,,FEDERACION COLOMBIANA DE BEISBOL
CAMPEONATO NACIONAL SUB-18,05/30/2013,06/08/2013,Campeonato Nacional,Cali ,COLOMBIA, Valle del Cauca,FEDERACION COLOMBIANA DE BEISBOL
CAMPEONATO NACIONAL SUB-15,06/14/2013,06/22/2013,Campeonato Nacional,Monteria ,COLOMBIA, Córdoba,FEDERACION COLOMBIANA DE BEISBOL
ESTADIO DE SAN JOSE,06/14/2013,06/21/2013,Open Internacional,San José,COSTA RICA,,FEDERACION COLOMBIANA DE BEISBOL
TORNEO NACIONAL CATEGORIA INFANTIL AA,06/29/2013,07/06/2013,Campeonato Nacional,Sincelejo ,COLOMBIA, Sucre,FEDERACION COLOMBIANA DE BEISBOL
CAMPEONATO NACIONAL CATEGORIA INFANTIL A,07/05/2013,07/13/2013,Campeonato Nacional,Monteria ,COLOMBIA, Córdoba,FEDERACION COLOMBIANA DE BEISBOL
ESTADIO DE DBRASIL,07/11/2013,07/19/2013,Open Internacional,Sao Paulo,BRASIL,,FEDERACION COLOMBIANA DE BEISBOL
MUNDIAL SUB-12,07/20/2013,07/28/2013,Open Internacional,China Tapei,CHINA TAPEI,,FEDERACION COLOMBIANA DE BEISBOL
TORNEO INTERNACIONAL DE DTALENTOS,07/20/2013,07/27/2013,Open Internacional,Punta Cana,REPÚBLICA DOMINICANA,,FEDERACION COLOMBIANA DE BEISBOL
TORNEO PANAMERICANO SUB- 15,07/26/2013,08/04/2013,Open Internacional,Barranquilla ,COLOMBIA,Atlántico,FEDERACION COLOMBIANA DE BEISBOL
MUNDIAL SUB-18,08/30/2013,09/08/2013,Open Internacional,China Tapei,CHINA TAPEI,,FEDERACION COLOMBIANA DE BEISBOL
CAMPEONATO NACIONAL SUB-21,10/25/2013,11/08/2013,Campeonato Nacional,Medellín,COLOMBIA, Antioquia,FEDERACION COLOMBIANA DE BEISBOL
TORNEO PANAMERICANO SUB-21,11/15/2013,11/23/2013,Open Internacional,Panamá,PANAMA,,FEDERACION COLOMBIANA DE BEISBOL
JUEGOS BOLIVARIANOS,11/16/2013,11/30/2013,Juegos Suramericanos,Trujillo,PERU,,FEDERACION COLOMBIANA DE BEISBOL
TORNEO NACIONAL PREPARATORIO,11/20/2013,11/29/2013,Campeonato Nacional,Cartagena ,COLOMBIA, Bolívar,FEDERACION COLOMBIANA DE BEISBOL
XV Torneo Internacional de Billar a Tres Bandas Individual Feria de Manizales,01/02/2013,01/06/2013,Grand Prix Internacional,Manizales ,COLOMBIA,Caldas,FEDERACIÓN COLOMBIANA DE BILLAR
Copa Mundo de Billar a Tres Bandas Individual,02/06/2013,02/10/2013,Copa Mundo,Antalya,TURQUIA,,FEDERACIÓN COLOMBIANA DE BILLAR
Campeonato Mundial de Billar a Tres Bandas por Equipos,02/21/2013,02/24/2013,Campeonato Mundial,Viersen,ALEMANIA,,FEDERACIÓN COLOMBIANA DE BILLAR
12 Campeonato Nacional Sub-20 de Billar a Tres Bandas Individual,03/20/2013,03/24/2013,Campeonato Nacional,La Mesa ,COLOMBIA, Cundinamarca,FEDERACIÓN COLOMBIANA DE BILLAR
55º Campeonato Nacional de Billar a Tres Bandas Individual Mayores,03/20/2013,03/24/2013,Campeonato Nacional,La Mesa ,COLOMBIA, Cundinamarca,FEDERACIÓN COLOMBIANA DE BILLAR
V Campeonato Nacional de Billar Pool Bola 9 Individual Femenino,05/16/2013,05/19/2013,Campeonato Nacional,Ibague ,COLOMBIA, Tolima,FEDERACIÓN COLOMBIANA DE BILLAR
XI Campeonato Nacional de Billar Pool Bola 9 Individual Masculino,05/16/2013,05/19/2013,Campeonato Nacional,Ibague ,COLOMBIA, Tolima,FEDERACIÓN COLOMBIANA DE BILLAR
Grand Prix Panamericano de Billar a Tres Bandas Individual,06/06/2013,06/09/2013,Grand Prix Internacional,San Cristóbal,VENEZUELA,,FEDERACIÓN COLOMBIANA DE BILLAR
Primera Parada Ranking Nacional de Billar a Tres Bandas Individual,06/19/2013,06/22/2013,Torneo Abierto,Cali ,COLOMBIA, Valle del Cauca,FEDERACIÓN COLOMBIANA DE BILLAR
Campeonato Panamericano Juvenil de Billar a Tres Bandas Individual,06/23/2013,06/25/2013,Clasificatorio al Mundial,Cali,COLOMBIA,Valle del Cauca,FEDERACIÓN COLOMBIANA DE BILLAR
Campeonato Panamericano de Billar a Tres Bandas por Equipos,06/23/2013,06/25/2013,Clasificatorio al Mundial,Cali,COLOMBIA,Valle del Cauca,FEDERACIÓN COLOMBIANA DE BILLAR
Campeonato Panamericano de Billar a Tres Bandas Individual,06/26/2013,06/29/2013,Clasificatorio al Mundial,Cali,COLOMBIA,Valle del Cauca,FEDERACIÓN COLOMBIANA DE BILLAR
XII Campeonato Panamericano de Billar Pool Bola 9 Individual Femenino,07/08/2013,07/15/2013,Clasificatorio al Mundial,Bonaire ,BONAIRE,,FEDERACIÓN COLOMBIANA DE BILLAR
XV Campeonato Panamericano de Billar Pool Bola 9 Individual Masculino,07/08/2013,07/15/2013,Clasificatorio al Mundial,Bonaire ,BONAIRE,,FEDERACIÓN COLOMBIANA DE BILLAR
Juegos Mundiales Billar a Tres Bandas Individual,07/26/2013,07/30/2013,Juegos Mundiales,Cali,COLOMBIA,Valle del Cauca,FEDERACIÓN COLOMBIANA DE BILLAR
Juegos Mundiales Billar Pool Bola 9 Individual Femenino,07/26/2013,07/30/2013,Juegos Mundiales,Cali,COLOMBIA,Valle del Cauca,FEDERACIÓN COLOMBIANA DE BILLAR
Juegos Mundiales Billar Pool Bola 9 Individual Masculino,07/26/2013,07/30/2013,Juegos Mundiales,Cali,COLOMBIA,Valle del Cauca,FEDERACIÓN COLOMBIANA DE BILLAR
VI Campeonato Nacional de Billar a Carambola Libre Femenino,08/15/2013,08/18/2013,Campeonato Nacional,Ibague ,COLOMBIA, Tolima,FEDERACIÓN COLOMBIANA DE BILLAR
IV Campeonato Nacional de Billar a Carambola Libre Masculino,08/15/2013,08/18/2013,Campeonato Nacional,Ibague ,COLOMBIA, Tolima,FEDERACIÓN COLOMBIANA DE BILLAR
Segunda Parada Ranking Nacional de Billar a Tres Bandas Individual,08/15/2013,08/18/2013,Torneo Abierto,Ibague ,COLOMBIA, Tolima,FEDERACIÓN COLOMBIANA DE BILLAR
Copa Mundo de Billar a Tres Bandas Individual,09/03/2013,09/08/2013,Copa Mundo,Suwon,KOREA,,FEDERACIÓN COLOMBIANA DE BILLAR
Tercera Parada Ranking Nacional de Billar a Tres Bandas Individual,09/18/2013,09/22/2013,Torneo Abierto,Chía,COLOMBIA, Cundinamarca,FEDERACIÓN COLOMBIANA DE BILLAR
Campeonato Mundial Juvenil de Billar a Tres Bandas Individual,10/01/2013,10/07/2013,Campeonato Mundial,Atenas,GRECIA,,FEDERACIÓN COLOMBIANA DE BILLAR
Campeonato Mundial de Billar a Tres Bandas Individual Mayores,10/14/2013,10/20/2013,Campeonato Mundial,Antwerp,BELGICA,,FEDERACIÓN COLOMBIANA DE BILLAR
Parada Ranking Nacional de Billar Pool Bola 9 Individual Femenino,10/24/2013,10/27/2013,Torneo Abierto,Sincelejo ,COLOMBIA, Sucre,FEDERACIÓN COLOMBIANA DE BILLAR
Parada Ranking Nacional de Billar Pool Bola 9 Individual Masculino,10/24/2013,10/27/2013,Torneo Abierto,Sincelejo ,COLOMBIA, Sucre,FEDERACIÓN COLOMBIANA DE BILLAR
Cuarta Parada Ranking Nacional de Billar a Tres Bandas Individual,11/07/2013,11/10/2013,Torneo Abierto,Medellín,COLOMBIA, Antioquia,FEDERACIÓN COLOMBIANA DE BILLAR
X Campeonato Nacional de Billar a Tres Bandas por Equipos,11/10/2013,11/11/2013,Campeonato Nacional,Medellín,COLOMBIA, Antioquia,FEDERACIÓN COLOMBIANA DE BILLAR
Juegos Bolivarianos Tres Bandas Individual,11/17/2013,11/20/2013,Juegos Bolivarianos,Trujillo,PERU,,FEDERACIÓN COLOMBIANA DE BILLAR
Juegos Bolivarianos Pool Bola 9 Individual Femenino,11/17/2013,11/20/2013,Juegos Bolivarianos,Trujillo,PERU,,FEDERACIÓN COLOMBIANA DE BILLAR
Juegos Bolivarianos Pool Bola 9 Individual Masculino,11/17/2013,11/20/2013,Juegos Bolivarianos,Trujillo,PERU,,FEDERACIÓN COLOMBIANA DE BILLAR
Copa Mundo de Billar a Tres Bandas Individual,12/01/2013,12/07/2013,Copa Mundo,Hurghada,EGIPTO,,FEDERACIÓN COLOMBIANA DE BILLAR
Campeonato Nacional de Menores,03/23/2013,03/27/2013,Campeonato Nacional,Barranquilla ,COLOMBIA, Atlántico,FEDERACION COLOMBIANA DE BOWLING
Selectivo Nacional de Clubes,04/10/2013,04/13/2013,Torneo Abierto,Bogotá D.C. ,COLOMBIA, Bogotá D.C.,FEDERACION COLOMBIANA DE BOWLING
Campeonato Iberoamericano,04/23/2013,04/28/2013,Campeonato Iberoamericano,Buenos Aires,ARGENTINA,,FEDERACION COLOMBIANA DE BOWLING
Campeonato Nacional Mayores Sub 35,04/30/2013,05/05/2013,Campeonato Nacional,Pasto ,COLOMBIA, Nariño,FEDERACION COLOMBIANA DE BOWLING
Campeonato Nacional Senior,05/09/2013,05/13/2013,Campeonato Nacional,Pereira ,COLOMBIA, Risaralda,FEDERACION COLOMBIANA DE BOWLING
Selectivo Nacional Juegos Mundiales y Juegos Bolivarianos,05/14/2013,05/17/2013,Concentración Nacional,Cali ,COLOMBIA, Valle del Cauca,FEDERACION COLOMBIANA DE BOWLING
CAMPEONATO CENTROAMERICANO Y DEL CARIBE DE MAYORES RUMBO A VERACRUZ 2014 Y SURAMERICANO DE CLUBES 2013,05/18/2013,06/23/2013,Campeonato Centroamericano y del Caribe,Cali,COLOMBIA,Valle del Cauca,FEDERACION COLOMBIANA DE BOWLING
Campeonato Nacional Segunda Fuerza,06/05/2013,06/10/2013,Campeonato Nacional,Bogotá D.C. ,COLOMBIA, Bogotá D.C.,FEDERACION COLOMBIANA DE BOWLING
Campeonato Sudamericano de Clubes,06/16/2013,06/23/2013,Campeonato Suramericano,Cali,COLOMBIA,Valle del Cauca,FEDERACION COLOMBIANA DE BOWLING
Campeonato Panamericano Juvenil,07/06/2013,07/13/2013,Campeonato Panamericano,Ponce,PUERTO RICO,,FEDERACION COLOMBIANA DE BOWLING
Juegos Mundiales,07/27/2013,08/04/2013,Juegos Mundiales,Cali,COLOMBIA,Valle del Cauca,FEDERACION COLOMBIANA DE BOWLING
Torneo de Las Americas,07/28/2013,08/03/2013,Torneo Abierto,Fort Lauderdele,ESTADOS UNIDOS,,FEDERACION COLOMBIANA DE BOWLING
XIII Torneo Internacional de las Flores,07/31/2013,08/04/2013,Open Internacional,Medellín,COLOMBIA, Antioquia,FEDERACION COLOMBIANA DE BOWLING
XXVII TORNEO ABIERTO INTERNACIONAL CIUDAD DE BOGOTÁ ¨SAUL INSIGNARES MELO¨EBONITE INTERNACIONAL,08/04/2013,08/11/2013,Torneo Abierto,Bogotá D.C. ,COLOMBIA, Bogotá D.C.,FEDERACION COLOMBIANA DE BOWLING
Campeonato Mundial Senior,08/10/2013,08/16/2013,Campeonato Mundial,Las Vegas,ESTADOS UNIDOS,,FEDERACION COLOMBIANA DE BOWLING
Campeonato Mundial Masculino y Femenino,08/18/2013,08/31/2013,Campeonato Mundial,Las Vegas,ESTADOS UNIDOS,,FEDERACION COLOMBIANA DE BOWLING
Selectivo Juegos Bolivarianos,09/05/2013,09/08/2013,Concentración Nacional,Cali ,COLOMBIA, Valle del Cauca,FEDERACION COLOMBIANA DE BOWLING
Campeonato Nacional Juvenil,09/17/2013,09/22/2013,Campeonato Nacional,Medellín,COLOMBIA, Antioquia,FEDERACION COLOMBIANA DE BOWLING
Selectivo Nacional Senior,09/24/2013,09/29/2013,Torneo Abierto,Medellín,COLOMBIA, Antioquia,FEDERACION COLOMBIANA DE BOWLING
Campeonato Nacional Super Senior,10/09/2013,10/14/2013,Campeonato Nacional,Ibague ,COLOMBIA, Tolima,FEDERACION COLOMBIANA DE BOWLING
Campeonato Panamericano Senior,10/20/2013,10/26/2013,Campeonato Panamericano,San José,COSTA RICA,,FEDERACION COLOMBIANA DE BOWLING
Campeonato Centroamericano y del Caribe Juvenil,11/02/2013,11/09/2013,Campeonato Centroamericano y del Caribe,San José,COSTA RICA,,FEDERACION COLOMBIANA DE BOWLING
Campeonato Nacional Primera categoria,11/12/2013,11/17/2013,Campeonato Nacional,Cali ,COLOMBIA, Valle del Cauca,FEDERACION COLOMBIANA DE BOWLING
Juegos Bolivarianos,11/24/2013,11/29/2013,Juegos Bolivarianos,Lima,PERU,,FEDERACION COLOMBIANA DE BOWLING
Selectivo Nacional Mayores y Juvenil,12/07/2013,12/15/2013,Torneo Abierto,Bogotá D.C. ,COLOMBIA, Bogotá D.C.,FEDERACION COLOMBIANA DE BOWLING
TORNEO CORDOVA CARDIN,06/01/2013,06/06/2013,Torneo Abierto,La Habana,CUBA,,FEDERACIÓN COLOMBIANA DE BOXEO
COPA OLIMPICA,06/05/2013,06/09/2013,Torneo Abierto,Caguas,PUERTO RICO,,FEDERACIÓN COLOMBIANA DE BOXEO
COPA ROBERTO BALADO,06/11/2013,06/15/2013,Campeonato Nacional,La Habana,CUBA,,FEDERACIÓN COLOMBIANA DE BOXEO
BATALLLA DE CARABOBO FEMENINO,06/12/2013,06/24/2013,Torneo Abierto,Valencia,VENEZUELA,,FEDERACIÓN COLOMBIANA DE BOXEO
BATALLA DE CARABOBO,06/19/2013,06/24/2013,Torneo Abierto,Valencia,VENEZUELA,,FEDERACIÓN COLOMBIANA DE BOXEO
CAMPEONATO NACIONAL JUVENIL,06/23/2013,06/30/2013,Campeonato Nacional,Dagua ,COLOMBIA, Valle del Cauca,FEDERACIÓN COLOMBIANA DE BOXEO
CAMPEONATO NACIONAL ANDINO,06/29/2013,07/02/2013,Campeonato Nacional,Villavicencio ,COLOMBIA, Meta,FEDERACIÓN COLOMBIANA DE BOXEO
XXVII UNIVERSIDAD DE VERANO,07/05/2013,07/17/2013,Campeonato Norteamericano,Kazan,RUSIA,,FEDERACIÓN COLOMBIANA DE BOXEO
CAMPEONATO NACIONAL JUNIOR,07/21/2013,07/27/2013,Campeonato Nacional,Santa Marta ,COLOMBIA, Magdalena,FEDERACIÓN COLOMBIANA DE BOXEO
CAPACITACION DE ENTRENADORES,07/25/2013,07/28/2013,Evento Académico,Barranquilla ,COLOMBIA, Atlántico,FEDERACIÓN COLOMBIANA DE BOXEO
CAMPEONATO CONTINENTAL MASCULINO ELITE,08/02/2013,08/08/2013,Campeonato Nacional,Santiago de Chile,CHILE,,FEDERACIÓN COLOMBIANA DE BOXEO
CAMPEONATO CONTINENTAL FEMENINO,08/08/2013,08/14/2013,Campeonato Nacional,New Jersey,ESTADOS UNIDOS,,FEDERACIÓN COLOMBIANA DE BOXEO
CAMPEONATO MUNDIAL JUVENIL,08/17/2013,08/26/2013,Campeonato Mundial,Kiev,UCRANIA,,FEDERACIÓN COLOMBIANA DE BOXEO
CONCENTRACION JUVENIL JUEGOS SURAMERICANOS,08/18/2013,09/18/2013,Concentración Nacional,Barranquilla ,COLOMBIA, Atlántico,FEDERACIÓN COLOMBIANA DE BOXEO
CAMPEONATO SURAMERICANO MASCULINO Y FEMENINO JUVENIL,08/19/2013,08/28/2013,Campeonato Suramericano,Lima,PERU,,FEDERACIÓN COLOMBIANA DE BOXEO
CAMPEONATO NACIONAL FEMENINO,08/26/2013,08/31/2013,Campeonato Nacional,Toro ,COLOMBIA, Valle del Cauca,FEDERACIÓN COLOMBIANA DE BOXEO
Juegos Suramericanos de la Juventud,09/18/2013,09/24/2013,Juegos Suramericanos,Callao,PERU,,FEDERACIÓN COLOMBIANA DE BOXEO
CINTURON DE ORO JUVENIL/CADETE,10/04/2013,10/10/2013,Campeonato Nacional,Puerto Viejo,ECUADOR,,FEDERACIÓN COLOMBIANA DE BOXEO
COPA PACIFICO,10/04/2013,10/10/2013,Campeonato Nacional,Guayaquil,ECUADOR,,FEDERACIÓN COLOMBIANA DE BOXEO
CAMPEONATO MUNDIALDE BOXEO MASCULINO,10/04/2013,10/20/2013,Campeonato Mundial,Almaty,KAZAJISTAN,,FEDERACIÓN COLOMBIANA DE BOXEO
COPA LA ROMANA MASCULINO/FEMENINO,10/21/2013,10/26/2013,Copa Mundo,Romana,REPÚBLICA DOMINICANA,,FEDERACIÓN COLOMBIANA DE BOXEO
JUEGOS BOLIVARIANOS MASCULINO/FEMENINO,11/22/2013,11/29/2013,Juegos Bolivarianos,Chiclayo,PERU,,FEDERACIÓN COLOMBIANA DE BOXEO
CAMPEONATO NACIONAL DE MAYORES,11/24/2013,11/30/2013,Campeonato Nacional,Valledupar ,COLOMBIA, Cesar,FEDERACIÓN COLOMBIANA DE BOXEO
Selectivo Universitario,05/03/2013,05/03/2013,Clasificatorio al Mundial,Bogotá D.C. ,COLOMBIA, Bogotá D.C.,FEDERACIÓN DE CLUBES DE BRIDGE DE COLOMBIA
27 Festival Internacional CACBF,05/17/2013,05/26/2013,Juegos Centroamericanos y del Caribe,Panamá,PANAMA,,FEDERACIÓN DE CLUBES DE BRIDGE DE COLOMBIA
Campeonato Sudamerican de Bridge,05/25/2013,06/01/2013,Campeonato Suramericano,Rio de Janeiro,BRASIL,,FEDERACIÓN DE CLUBES DE BRIDGE DE COLOMBIA
Copa Equipos,06/01/2013,06/02/2013,Torneo Abierto,Bogotá D.C. ,COLOMBIA, Bogotá D.C.,FEDERACIÓN DE CLUBES DE BRIDGE DE COLOMBIA
Selectivo Nacional,06/07/2013,06/08/2013,Campeonato Nacional,Cali ,COLOMBIA, Valle del Cauca,FEDERACIÓN DE CLUBES DE BRIDGE DE COLOMBIA
3er Campeonato Open Juvenil Mundial,08/03/2013,08/11/2013,Copa Mundo,Atlanta,ESTADOS UNIDOS,,FEDERACIÓN DE CLUBES DE BRIDGE DE COLOMBIA
Regional,08/16/2013,08/18/2013,Campeonato Nacional,Barranquilla ,COLOMBIA, Atlántico,FEDERACIÓN DE CLUBES DE BRIDGE DE COLOMBIA
Bermuda Bowl y Venice Cup,09/16/2013,09/29/2013,Copa Mundo,Bali,INDONESIA,,FEDERACIÓN DE CLUBES DE BRIDGE DE COLOMBIA
Abierto Almirante Colon,10/05/2013,10/05/2013,Torneo Abierto,Bogotá D.C. ,COLOMBIA, Bogotá D.C.,FEDERACIÓN DE CLUBES DE BRIDGE DE COLOMBIA
Calificativo Internacional,10/12/2013,10/13/2013,Campeonato Nacional,Medellín,COLOMBIA, Antioquia,FEDERACIÓN DE CLUBES DE BRIDGE DE COLOMBIA
Regional Eje Cafetero,11/01/2013,11/03/2013,Campeonato Nacional,Pereira ,COLOMBIA, Risaralda,FEDERACIÓN DE CLUBES DE BRIDGE DE COLOMBIA
Open Juvenil,12/06/2013,12/08/2013,Copa Mundo,El Rosal ,COLOMBIA, Cundinamarca,FEDERACIÓN DE CLUBES DE BRIDGE DE COLOMBIA
Nacional De Equipos,12/06/2013,12/08/2013,Campeonato Nacional,Bogotá D.C. ,COLOMBIA, Bogotá D.C.,FEDERACIÓN DE CLUBES DE BRIDGE DE COLOMBIA
CONCENTRACION EQUIPO DE CANOTAJE,05/13/2013,12/15/2013,Concentración Nacional,Guatavita ,COLOMBIA, Cundinamarca,FEDERACIÓN COLOMBIANA DE CANOTAJE Y REMO
III MARATON NACIONAL,05/16/2013,05/19/2013,Campeonato Nacional,Guatape ,COLOMBIA, Antioquia,FEDERACIÓN COLOMBIANA DE CANOTAJE Y REMO
COPA COLOMBIA DE CANOTAJE DE VELOCIDAD,07/11/2013,07/14/2013,Campeonato Nacional,Barrancabermeja ,COLOMBIA, Santander,FEDERACIÓN COLOMBIANA DE CANOTAJE Y REMO
GRAN PRIX DE CANOTAJE DE VELOCIDAD,07/11/2013,07/14/2013,Campeonato Nacional,Yaguara ,COLOMBIA, Huila,FEDERACIÓN COLOMBIANA DE CANOTAJE Y REMO
JUEGOS MUNDIALES,07/25/2013,08/04/2013,Campeonato Mundial,Cali ,COLOMBIA, Valle del Cauca,FEDERACIÓN COLOMBIANA DE CANOTAJE Y REMO
CAMPEONATO MUNDIAL JUVENIL - CANOTAJE DE VELOCIDAD,08/01/2013,08/05/2013,Campeonato Mundial,Welland,CANADA,,FEDERACIÓN COLOMBIANA DE CANOTAJE Y REMO
GRAN PRIX DE CANOTAJE DE VELOCIDAD,08/08/2013,08/11/2013,Campeonato Nacional,Paipa ,COLOMBIA, Boyacá,FEDERACIÓN COLOMBIANA DE CANOTAJE Y REMO
CAMPEONATO MUNDIAL SENIOR DE CANOTAJE DE VELOCIDAD,08/22/2013,08/26/2013,Campeonato Mundial,Diusburg,ALEMANIA,,FEDERACIÓN COLOMBIANA DE CANOTAJE Y REMO
GRAN PRIX DE CANOTAJE DE VELOCIDAD,09/12/2013,09/15/2013,Campeonato Nacional,Calima Darien,COLOMBIA,Valle del Cauca,FEDERACIÓN COLOMBIANA DE CANOTAJE Y REMO
CAMPEONATO DE REMO Y CANOTAJE,09/18/2013,09/29/2013,Juegos Suramericanos de la Juventud,Lima,PERU,,FEDERACIÓN COLOMBIANA DE CANOTAJE Y REMO
FESTIVAL NAUTICO DEL GUAVIO,10/10/2013,10/13/2013,Campeonato Nacional,Gachala ,COLOMBIA, Cundinamarca,FEDERACIÓN COLOMBIANA DE CANOTAJE Y REMO
CAMPEONATO NACIONAL DE SLALOM,10/10/2013,10/13/2013,Campeonato Nacional,San Gil ,COLOMBIA, Santander,FEDERACIÓN COLOMBIANA DE CANOTAJE Y REMO
CAMPEONATO PANAMERICANO DE CANOTAJE DE VELOCIDAD,10/17/2013,10/20/2013,Campeonato Panamericano,Ponce,PUERTO RICO,,FEDERACIÓN COLOMBIANA DE CANOTAJE Y REMO
CAMPEONATO SURAMERICANO DE SLALOM,11/14/2013,11/17/2013,Campeonato Suramericano,Pucon,CHILE,,FEDERACIÓN COLOMBIANA DE CANOTAJE Y REMO
JUEGOS BOLIVARIANOS - CANOTAJE Y REMO,11/16/2013,11/30/2013,Juegos Bolivarianos,Lima,PERU,,FEDERACIÓN COLOMBIANA DE CANOTAJE Y REMO
CAMPEONATO NACIONAL DE CANOTAJE DE VELOCIDAD,11/21/2013,11/24/2013,Campeonato Nacional,Guatape ,COLOMBIA, Antioquia,FEDERACIÓN COLOMBIANA DE CANOTAJE Y REMO
CAMPEONATO DE REMO Y CANOTAJE,12/03/2013,12/13/2013,Juegos Suramericanos de Playa,Vargas,VENEZUELA,,FEDERACIÓN COLOMBIANA DE CANOTAJE Y REMO
CIRCUITO DE MANIZALES,01/09/2013,01/09/2013,Campeonato Nacional,Manizales ,COLOMBIA, Caldas,FEDERACIÓN COLOMBIANA DE CICLISMO
CIRCUITO DE TUTA,01/19/2013,01/19/2013,Campeonato Nacional,Tuta ,COLOMBIA, Boyacá,FEDERACIÓN COLOMBIANA DE CICLISMO
I - II VALIDA NACIONAL BMX,02/15/2013,02/17/2013,Campeonato Nacional,Medellín,COLOMBIA, Antioquia,FEDERACIÓN COLOMBIANA DE CICLISMO
I VALIDA COPA NACIONAL DH - XC,02/16/2013,02/17/2013,Campeonato Nacional,Manizales ,COLOMBIA, Caldas,FEDERACIÓN COLOMBIANA DE CICLISMO
PREMIO AUGUSTO TRIANA,02/17/2013,02/17/2013,Campeonato Nacional,Fusagasugá,COLOMBIA, Cundinamarca,FEDERACIÓN COLOMBIANA DE CICLISMO
VUELTA DE SUCRE,03/15/2013,03/17/2013,Campeonato Nacional,Sucre ,COLOMBIA, Santander,FEDERACIÓN COLOMBIANA DE CICLISMO
III - IV VALIDA NACIONAL BMX,03/15/2013,03/17/2013,Campeonato Nacional,Chía,COLOMBIA, Cundinamarca,FEDERACIÓN COLOMBIANA DE CICLISMO
II VALIDA COPA NACIONAL DH - XC,03/16/2013,03/17/2013,Campeonato Nacional,Medellín,COLOMBIA, Antioquia,FEDERACIÓN COLOMBIANA DE CICLISMO
II VALIDA COPA NACIONAL DH - XC,03/16/2013,03/17/2013,Campeonato Nacional,Medellín,COLOMBIA, Antioquia,FEDERACIÓN COLOMBIANA DE CICLISMO
VUELTA DEL VALLE,03/20/2013,03/24/2013,Campeonato Nacional,Cali ,COLOMBIA, Valle del Cauca,FEDERACIÓN COLOMBIANA DE CICLISMO
15th Gran Premio Miguel Indurain,03/30/2013,03/30/2013,Grand Prix Internacional,Navarra,ESPAÑA,,FEDERACIÓN COLOMBIANA DE CICLISMO
53rd Vuelta Ciclistica a La Rioja,03/31/2013,03/31/2013,Grand Prix Internacional,La Rioja,ESPAÑA,,FEDERACIÓN COLOMBIANA DE CICLISMO
CLASICA DE ANAPOIMA,04/03/2013,04/06/2013,Campeonato Nacional,Anapoima ,COLOMBIA, Cundinamarca,FEDERACIÓN COLOMBIANA DE CICLISMO
59 th KLASIKA PRIMAVERA DE AMOREBIETA,04/07/2013,04/07/2013,Grand Prix Internacional,Aorebieta,ESPAÑA,,FEDERACIÓN COLOMBIANA DE CICLISMO
CLASICA DE FUSAGASUGA,04/11/2013,04/14/2013,Campeonato Nacional,Fusagasugá,COLOMBIA, Cundinamarca,FEDERACIÓN COLOMBIANA DE CICLISMO
PARADA DE PISTA,04/12/2013,04/14/2013,Campeonato Nacional,Medellín,COLOMBIA, Antioquia,FEDERACIÓN COLOMBIANA DE CICLISMO
CAMPEONATO NACIONAL DE BMX,04/12/2013,04/13/2013,Campeonato Nacional,Barrancabermeja ,COLOMBIA, Santander,FEDERACIÓN COLOMBIANA DE CICLISMO
28th Vuelta a Castilla y Leon,04/12/2013,04/14/2013,Grand Prix Internacional,Castilla y León,ESPAÑA,,FEDERACIÓN COLOMBIANA DE CICLISMO
CAMPEONATOS NACIONALES DE RUTA,04/18/2013,04/21/2013,Campeonato Nacional,Ibague ,COLOMBIA, Tolima,FEDERACIÓN COLOMBIANA DE CICLISMO
VUELTA DEL TOLIMA,04/24/2013,04/28/2013,Campeonato Nacional,Ibague ,COLOMBIA, Tolima,FEDERACIÓN COLOMBIANA DE CICLISMO
47th Le Tour de Bretagne Cycliste trophee harmonie Mutuelle,04/25/2013,05/01/2013,Grand Prix Internacional,Bretagne,FRANCIA,,FEDERACIÓN COLOMBIANA DE CICLISMO
Vuelta a la Comunidad de Madrid,05/04/2013,05/04/2013,Grand Prix Internacional,Madrid,ESPAÑA,,FEDERACIÓN COLOMBIANA DE CICLISMO
III VALIDA COPA NACIONAL DH - XC,05/04/2013,05/05/2013,Campeonato Nacional,Palmira ,COLOMBIA, Valle del Cauca,FEDERACIÓN COLOMBIANA DE CICLISMO
CLASICA DEL CARMEN DE VIBORAL,05/09/2013,05/12/2013,Campeonato Nacional,Carmen De Viboral ,COLOMBIA, Antioquia,FEDERACIÓN COLOMBIANA DE CICLISMO
Vuelta a Asturias Julio Alvarez Mendo,05/11/2013,05/12/2013,Grand Prix Internacional,Asturias,ESPAÑA,,FEDERACIÓN COLOMBIANA DE CICLISMO
Ronde de l¨,05/16/2013,05/19/2013,Grand Prix Internacional,St. Girons,FRANCIA,,FEDERACIÓN COLOMBIANA DE CICLISMO
CLASICA INTERNACIONAL DEL CAFE,05/16/2013,05/19/2013,Campeonato Nacional,Pereira ,COLOMBIA, Risaralda,FEDERACIÓN COLOMBIANA DE CICLISMO
PARADA DE PISTA,05/17/2013,05/19/2013,Campeonato Nacional,Duitama ,COLOMBIA, Boyacá,FEDERACIÓN COLOMBIANA DE CICLISMO
VUELTA ANTIOQUIA,05/22/2013,05/26/2013,Campeonato Nacional,Medellín,COLOMBIA, Antioquia,FEDERACIÓN COLOMBIANA DE CICLISMO
TOUR DE GIRONDE,05/23/2013,05/26/2013,Grand Prix Internacional,Gironde,FRANCIA,,FEDERACIÓN COLOMBIANA DE CICLISMO
CLASICA CIUDAD DE GIRADOT,05/28/2013,06/01/2013,Campeonato Nacional,Girardot ,COLOMBIA, Cundinamarca,FEDERACIÓN COLOMBIANA DE CICLISMO
CLASICA INTERNACIONAL DEL CARIBE,05/30/2013,06/02/2013,Campeonato Nacional,Barranquilla ,COLOMBIA, Atlántico,FEDERACIÓN COLOMBIANA DE CICLISMO
IV VALIDA COPA NACIONAL DH - XC,06/01/2013,06/02/2013,Campeonato Nacional,Pasto ,COLOMBIA, Nariño,FEDERACIÓN COLOMBIANA DE CICLISMO
Coupe des Nations Ville Saguenay,06/07/2013,06/09/2013,Grand Prix Internacional,Quebec,CANADA,,FEDERACIÓN COLOMBIANA DE CICLISMO
VUELTA A COLOMBIA,06/09/2013,06/23/2013,Campeonato Nacional,Ipiales ,COLOMBIA, Nariño,FEDERACIÓN COLOMBIANA DE CICLISMO
CAMPEONATOS NACIONALES DE RUTA Y PISTA JUVENILES,06/25/2013,06/30/2013,Campeonato Nacional,Bucaramanga ,COLOMBIA, Santander,FEDERACIÓN COLOMBIANA DE CICLISMO
CLASICA HEROES DE LA PATRIA,07/04/2013,07/07/2013,Campeonato Nacional,Medellín,COLOMBIA, Antioquia,FEDERACIÓN COLOMBIANA DE CICLISMO
PARADA DE PISTA,07/05/2013,07/07/2013,Campeonato Nacional,Cali ,COLOMBIA, Valle del Cauca,FEDERACIÓN COLOMBIANA DE CICLISMO
VI- VII VALIDA NACIONAL BMX,07/06/2013,07/07/2013,Campeonato Nacional,Bogotá D.C. ,COLOMBIA, Bogotá D.C.,FEDERACIÓN COLOMBIANA DE CICLISMO
VUELTA A NARIÑO,07/12/2013,07/14/2013,Campeonato Nacional,Pasto ,COLOMBIA, Nariño,FEDERACIÓN COLOMBIANA DE CICLISMO
CLASICA MARCO FIDEL SUAREZ,07/17/2013,07/21/2013,Campeonato Nacional,Medellín,COLOMBIA, Antioquia,FEDERACIÓN COLOMBIANA DE CICLISMO
V VALIDA COPA NACIONAL DH - XC,07/20/2013,07/21/2013,Campeonato Nacional,Ubate ,COLOMBIA, Cundinamarca,FEDERACIÓN COLOMBIANA DE CICLISMO
TOUR DE ALSACE,07/23/2013,07/28/2013,Grand Prix Internacional,"Ecomusse, Saushem",FRANCIA,,FEDERACIÓN COLOMBIANA DE CICLISMO
CLASICA CIUDAD DE SANTA MARTA,07/27/2013,07/29/2013,Campeonato Nacional,Santa Marta ,COLOMBIA, Magdalena,FEDERACIÓN COLOMBIANA DE CICLISMO
68. Circuito Gexto 13 Memorial Ricardo otxoa,07/31/2013,07/31/2013,Grand Prix Internacional,Getxo,ESPAÑA,,FEDERACIÓN COLOMBIANA DE CICLISMO
CLASICA DE GUARNE,08/01/2013,08/03/2013,Campeonato Nacional,Guarne ,COLOMBIA, Antioquia,FEDERACIÓN COLOMBIANA DE CICLISMO
Vuelta Ciclistica Leon,08/02/2013,08/04/2013,Grand Prix Internacional,León,ESPAÑA,,FEDERACIÓN COLOMBIANA DE CICLISMO
CLASICA DE FUNZA,08/05/2013,08/08/2013,Campeonato Nacional,Funza ,COLOMBIA, Cundinamarca,FEDERACIÓN COLOMBIANA DE CICLISMO
CLASICA DE LA COSECHA,08/09/2013,08/11/2013,Campeonato Nacional,Medellín,COLOMBIA, Antioquia,FEDERACIÓN COLOMBIANA DE CICLISMO
TOUR DE LAIN LA ROUTE DU PRGRES,08/09/2013,08/13/2013,Grand Prix Internacional,"Nantua, Lagnieu",FRANCIA,,FEDERACIÓN COLOMBIANA DE CICLISMO
CIRCUITO FERIA DE PALMIRA,08/11/2013,08/11/2013,Campeonato Nacional,Palmira ,COLOMBIA, Valle del Cauca,FEDERACIÓN COLOMBIANA DE CICLISMO
CLASICA DEPORTIVO BOYACA,08/15/2013,08/17/2013,Campeonato Nacional,Tunja ,COLOMBIA, Boyacá,FEDERACIÓN COLOMBIANA DE CICLISMO
CLASICA INTERNACIONAL ALCALDIA DE POPAYAN,08/16/2013,08/18/2013,Campeonato Nacional,Popayan ,COLOMBIA, Cauca,FEDERACIÓN COLOMBIANA DE CICLISMO
VUELTA JUVENIL AL VALLE,08/16/2013,08/18/2013,Campeonato Nacional,Palmira ,COLOMBIA, Valle del Cauca,FEDERACIÓN COLOMBIANA DE CICLISMO
VUELTA FEMENINA DEL VALLE,08/16/2013,08/18/2013,Campeonato Nacional,Palmira ,COLOMBIA, Valle del Cauca,FEDERACIÓN COLOMBIANA DE CICLISMO
FESTIVAL DE VERANO BMX,08/18/2013,08/19/2013,Campeonato Nacional,Bogotá D.C. ,COLOMBIA, Bogotá D.C.,FEDERACIÓN COLOMBIANA DE CICLISMO
VUELTA DE SANTANDER,08/21/2013,08/25/2013,Campeonato Nacional,Bucaramanga ,COLOMBIA, Santander,FEDERACIÓN COLOMBIANA DE CICLISMO
Tour del Avenir,08/24/2013,08/31/2013,Grand Prix Internacional,Belley,FRANCIA,,FEDERACIÓN COLOMBIANA DE CICLISMO
VUELTA DE LA JUVENTUD,08/27/2013,09/01/2013,Campeonato Nacional,Bogotá D.C. ,COLOMBIA, Bogotá D.C.,FEDERACIÓN COLOMBIANA DE CICLISMO
VUELTA DE CUNDINAMARCA,09/03/2013,09/07/2013,Campeonato Nacional,Soacha,COLOMBIA,Cundinamarca,FEDERACIÓN COLOMBIANA DE CICLISMO
VUELTA BOYACA,09/11/2013,09/15/2013,Campeonato Nacional,Tunja ,COLOMBIA, Boyacá,FEDERACIÓN COLOMBIANA DE CICLISMO
CLASICA DEL CESAR,09/18/2013,09/21/2013,Campeonato Nacional,Valledupar ,COLOMBIA, Cesar,FEDERACIÓN COLOMBIANA DE CICLISMO
CLASICA DE MARINILLA,09/20/2013,09/22/2013,Campeonato Nacional,Marinilla ,COLOMBIA, Antioquia,FEDERACIÓN COLOMBIANA DE CICLISMO
PARADA DE PISTA,09/20/2013,09/22/2013,Campeonato Nacional,Barranquilla ,COLOMBIA, Atlántico,FEDERACIÓN COLOMBIANA DE CICLISMO
X-XI VALIDA NACIONAL BMX,09/21/2013,09/22/2013,Campeonato Nacional,Pereira ,COLOMBIA, Risaralda,FEDERACIÓN COLOMBIANA DE CICLISMO
CLASICO RCN,09/27/2013,10/06/2013,Campeonato Nacional,Bogotá D.C. ,COLOMBIA, Bogotá D.C.,FEDERACIÓN COLOMBIANA DE CICLISMO
VUELTA DEL PORVENIR Y TOUR FEMENINO,10/08/2013,10/12/2013,Campeonato Nacional,Bogotá D.C. ,COLOMBIA, Bogotá D.C.,FEDERACIÓN COLOMBIANA DE CICLISMO
CAMPEONATO NACIONAL DE DH - XC,10/12/2013,10/13/2013,Campeonato Nacional,Palmira ,COLOMBIA, Valle del Cauca,FEDERACIÓN COLOMBIANA DE CICLISMO
CLASICA COLEGIO DE JUECES - TOLIMA,10/13/2013,10/13/2013,Campeonato Nacional,Ibague ,COLOMBIA, Tolima,FEDERACIÓN COLOMBIANA DE CICLISMO
CLASICA DE AGUAZUL,10/17/2013,10/19/2013,Campeonato Nacional,Aguazul ,COLOMBIA, Casanare,FEDERACIÓN COLOMBIANA DE CICLISMO
CLASICA FUTURAS ESTRELLAS,10/25/2013,10/27/2013,Campeonato Nacional,Medellín,COLOMBIA, Antioquia,FEDERACIÓN COLOMBIANA DE CICLISMO
CLASICA SAN FELIX,10/25/2013,10/27/2013,Campeonato Nacional,Chinchina ,COLOMBIA, Caldas,FEDERACIÓN COLOMBIANA DE CICLISMO
XII - XIII VALIDA NACIONAL BMX,11/09/2013,11/10/2013,Campeonato Nacional,Chinchina ,COLOMBIA, Caldas,FEDERACIÓN COLOMBIANA DE CICLISMO
VUELTA JUVENIL DE ANTIOQUIA,11/15/2013,11/17/2013,Campeonato Nacional,Antioquia ,COLOMBIA,Antioquia,FEDERACIÓN COLOMBIANA DE CICLISMO
VUELTA NACIONAL DEL FUTURO,11/27/2013,11/30/2013,Campeonato Nacional,Bogotá D.C. ,COLOMBIA, Bogotá D.C.,FEDERACIÓN COLOMBIANA DE CICLISMO
AGUINALDO FUSAGASUGUEÑO,12/01/2013,12/01/2013,Campeonato Nacional,Fusagasugá,COLOMBIA, Cundinamarca,FEDERACIÓN COLOMBIANA DE CICLISMO
CAMPEONATO MUNDIAL DE COLEO CONFEDERACIONES,05/11/2013,05/12/2013,Campeonato Mundial,Mexico D.F.,MEXICO,,FEDERACIÓN COLOMBIANA DE COLEO
COPA BOTALON,06/01/2013,06/02/2013,Torneo Abierto,San Jose Del Guaviare ,COLOMBIA, Guaviare,FEDERACIÓN COLOMBIANA DE COLEO
ORGULLO RONDONEÑO,06/08/2013,06/09/2013,Torneo Abierto,Puerto Rondon ,COLOMBIA, Arauca,FEDERACIÓN COLOMBIANA DE COLEO
LA CACHERA DE ORO,06/15/2013,06/16/2013,Torneo Abierto,Tame ,COLOMBIA, Arauca,FEDERACIÓN COLOMBIANA DE COLEO
LOS CRIOLLITOS DE CASTILLA,06/15/2013,06/15/2013,Torneo Abierto,Castilla La Nueva ,COLOMBIA, Meta,FEDERACIÓN COLOMBIANA DE COLEO
COPA SAN PADRINO,06/22/2013,06/23/2013,Torneo Abierto,Castilla La Nueva ,COLOMBIA, Meta,FEDERACIÓN COLOMBIANA DE COLEO
ENCUENTRO CONFRATERNIDAD COLOMBO VENEZOLANA,06/29/2013,06/30/2013,Torneo Abierto,Villavicencio ,COLOMBIA, Meta,FEDERACIÓN COLOMBIANA DE COLEO
ASUNCION DE ORO,06/29/2013,06/30/2013,Torneo Abierto,Tame ,COLOMBIA, Arauca,FEDERACIÓN COLOMBIANA DE COLEO
XXVII TALENTO SAN MARTINERO,06/30/2013,06/30/2013,Torneo Abierto,San Martin ,COLOMBIA, Meta,FEDERACIÓN COLOMBIANA DE COLEO
HARTON DE ORO,07/06/2013,07/07/2013,Torneo Abierto,Tame ,COLOMBIA, Arauca,FEDERACIÓN COLOMBIANA DE COLEO
PROGRESO GARANTIZADO,07/14/2013,07/14/2013,Torneo Abierto,Castilla La Nueva ,COLOMBIA, Meta,FEDERACIÓN COLOMBIANA DE COLEO
COPA LIBERTADORES,07/20/2013,07/20/2013,Torneo Abierto,San Jose Del Guaviare ,COLOMBIA, Guaviare,FEDERACIÓN COLOMBIANA DE COLEO
GUARRACUCO DE ORO,07/20/2013,07/20/2013,Torneo Abierto,Barranca De Upia ,COLOMBIA, Meta,FEDERACIÓN COLOMBIANA DE COLEO
EL SARGENTO DE ORO,07/20/2013,07/20/2013,Torneo Abierto,Villavicencio ,COLOMBIA, Meta,FEDERACIÓN COLOMBIANA DE COLEO
II VALIDA DEPARTAMENTAL,07/27/2013,07/28/2013,Evento de Preparacion Deportiva,Villavicencio ,COLOMBIA, Meta,FEDERACIÓN COLOMBIANA DE COLEO
FIESTAS PATRONALES SAN LORENZO DE ORO,08/10/2013,08/11/2013,Torneo Abierto,Arauquita ,COLOMBIA, Arauca,FEDERACIÓN COLOMBIANA DE COLEO
FIESTAS PATRONALES DE TAME,08/17/2013,08/18/2013,Torneo Abierto,Tame ,COLOMBIA, Arauca,FEDERACIÓN COLOMBIANA DE COLEO
CANOERO DE ORO,08/17/2013,08/18/2013,Torneo Abierto,Puerto Lopez ,COLOMBIA, Meta,FEDERACIÓN COLOMBIANA DE COLEO
YURUPARI DE ORO,08/18/2013,08/19/2013,Torneo Abierto,San Jose Del Guaviare ,COLOMBIA, Guaviare,FEDERACIÓN COLOMBIANA DE COLEO
CAMPEONATO MUNDIAL DE COLEO,09/01/2013,09/30/2013,Campeonato Mundial,Sin Definir,VENEZUELA,,FEDERACIÓN COLOMBIANA DE COLEO
VII COPA FEDERACION,09/07/2013,09/07/2013,Torneo Abierto,Villavicencio ,COLOMBIA, Meta,FEDERACIÓN COLOMBIANA DE COLEO
CAMPEONATO NACIONAL CATEGORIA SUB-18,09/07/2013,09/07/2013,Campeonato Nacional,Villavicencio ,COLOMBIA, Meta,FEDERACIÓN COLOMBIANA DE COLEO
LA LORA DE ORO,09/14/2013,09/14/2013,Torneo Abierto,Villavicencio ,COLOMBIA, Meta,FEDERACIÓN COLOMBIANA DE COLEO
GAVAN DE ORO,09/14/2013,09/15/2013,Torneo Abierto,Puerto Rondon ,COLOMBIA, Arauca,FEDERACIÓN COLOMBIANA DE COLEO
COPA ENELAR,09/21/2013,09/22/2013,Torneo Abierto,Arauca ,COLOMBIA, Arauca,FEDERACIÓN COLOMBIANA DE COLEO
VIRGEN DE LAS MERCEDES,09/28/2013,09/29/2013,Torneo Abierto,Tame ,COLOMBIA, Arauca,FEDERACIÓN COLOMBIANA DE COLEO
III VALIDA DEPARTAMENTAL,09/28/2013,09/29/2013,Evento de Preparacion Deportiva,Villavicencio ,COLOMBIA, Meta,FEDERACIÓN COLOMBIANA DE COLEO
CAMPEONATO NACIONAL CATEGORIA ELITE,09/28/2013,09/29/2013,Campeonato Nacional,San Jose Del Guaviare ,COLOMBIA, Guaviare,FEDERACIÓN COLOMBIANA DE COLEO
CAMPEONATO NACIONAL FEMENINO,09/28/2013,09/29/2013,Campeonato Nacional,San Jose Del Guaviare ,COLOMBIA, Guaviare,FEDERACIÓN COLOMBIANA DE COLEO
COPA AGROMART,10/05/2013,10/05/2013,Torneo Abierto,Villavicencio ,COLOMBIA, Meta,FEDERACIÓN COLOMBIANA DE COLEO
EL FRENO DE ORO,10/05/2013,10/06/2013,Torneo Abierto,Fortul ,COLOMBIA, Arauca,FEDERACIÓN COLOMBIANA DE COLEO
XIV SAN MARTIN DE ORO,10/06/2013,10/06/2013,Torneo Abierto,San Martin ,COLOMBIA, Meta,FEDERACIÓN COLOMBIANA DE COLEO
PREMUNDIALITO,10/06/2013,10/06/2013,Torneo Abierto,Villavicencio ,COLOMBIA, Meta,FEDERACIÓN COLOMBIANA DE COLEO
COPA EL REJO,10/12/2013,10/13/2013,Torneo Abierto,San Jose Del Guaviare ,COLOMBIA, Guaviare,FEDERACIÓN COLOMBIANA DE COLEO
FESTIVAL DEL RETORNO,10/12/2013,10/14/2013,Torneo Abierto,Acacias ,COLOMBIA, Meta,FEDERACIÓN COLOMBIANA DE COLEO
XVII ENCUENTRO MUNDIAL DE COLEO,10/12/2013,10/14/2013,Campeonato Mundial,Villavicencio ,COLOMBIA, Meta,FEDERACIÓN COLOMBIANA DE COLEO
COPA CABRESTERO,10/26/2013,10/27/2013,Torneo Abierto,Arauca ,COLOMBIA, Arauca,FEDERACIÓN COLOMBIANA DE COLEO
COPA COLONIZADORES,11/02/2013,11/03/2013,Torneo Abierto,San Jose Del Guaviare ,COLOMBIA, Guaviare,FEDERACIÓN COLOMBIANA DE COLEO
IX GHIRIGUARE DE ORO,11/02/2013,11/03/2013,Torneo Abierto,Puerto Gaitan ,COLOMBIA, Meta,FEDERACIÓN COLOMBIANA DE COLEO
XLVII ESTRIBO DE ORO,11/09/2013,11/11/2013,Torneo Abierto,San Martin ,COLOMBIA, Meta,FEDERACIÓN COLOMBIANA DE COLEO
TAPARAS DE ORO,11/09/2013,11/10/2013,Torneo Abierto,Saravena ,COLOMBIA, Arauca,FEDERACIÓN COLOMBIANA DE COLEO
EL BONGUERO DE ORO,11/16/2013,11/17/2013,Torneo Abierto,Arauquita ,COLOMBIA, Arauca,FEDERACIÓN COLOMBIANA DE COLEO
II COPA NACIONAL AGUILA DE ORO,11/16/2013,11/17/2013,Torneo Abierto,Puerto Lopez ,COLOMBIA, Meta,FEDERACIÓN COLOMBIANA DE COLEO
FIESTAS DE ARAUCA,12/05/2013,12/08/2013,Torneo Abierto,Arauca ,COLOMBIA, Arauca,FEDERACIÓN COLOMBIANA DE COLEO
II FESTIVAL LLANERO,12/07/2013,12/08/2013,Torneo Abierto,Villavicencio ,COLOMBIA, Meta,FEDERACIÓN COLOMBIANA DE COLEO
PETROLITO DE ORO,12/07/2013,12/08/2013,Torneo Abierto,Castilla La Nueva ,COLOMBIA, Meta,FEDERACIÓN COLOMBIANA DE COLEO
COPA GUAVIARE,12/14/2013,12/15/2013,Torneo Abierto,San Jose Del Guaviare ,COLOMBIA, Guaviare,FEDERACIÓN COLOMBIANA DE COLEO
FIESTAS DE RONDON,12/14/2013,12/15/2013,Torneo Abierto,Puerto Rondon ,COLOMBIA, Arauca,FEDERACIÓN COLOMBIANA DE COLEO
CAMPEONATO MUNDIAL DE COLEO,12/14/2013,12/15/2013,Campeonato Mundial,Panamá,PANAMA,,FEDERACIÓN COLOMBIANA DE COLEO
4TA VALIDA CIRCUITO ACCURACY - COPA CERINZA PARAPENTE ACCURACY,01/01/2013,12/31/2013,Campeonato Nacional,Pachavita ,COLOMBIA, Boyacá,FEDERACIÓN COLOMBIANA DE DEPORTES AÉREOS
COLOMBIA ONLINE - XCOLOMBIA 2013,01/01/2013,12/31/2013,Campeonato Nacional,Bogotá D.C. ,COLOMBIA, Bogotá D.C.,FEDERACIÓN COLOMBIANA DE DEPORTES AÉREOS
CAMPEONATO NACIONAL ACROBACIA,01/01/2013,12/31/2013,Campeonato Nacional,Bogotá D.C. ,COLOMBIA, Bogotá D.C.,FEDERACIÓN COLOMBIANA DE DEPORTES AÉREOS
NOVATOS Y SUPER NOVATOS,01/01/2013,12/31/2013,Campeonato Nacional,Bogotá D.C. ,COLOMBIA, Bogotá D.C.,FEDERACIÓN COLOMBIANA DE DEPORTES AÉREOS
CAMPEONATO NACIONAL DE PARAPENTE - 1ER VALIDA CIRCUITO NACIONAL,01/05/2013,01/12/2013,Campeonato Nacional,Roldanillo ,COLOMBIA, Valle del Cauca,FEDERACIÓN COLOMBIANA DE DEPORTES AÉREOS
2013 WORLD CUP SUPERFINAL,01/15/2013,01/26/2013,Campeonato Mundial,Roldanillo ,COLOMBIA, Valle del Cauca,FEDERACIÓN COLOMBIANA DE DEPORTES AÉREOS
HOMBRES PÁJARO COLOMBIA 2013,01/27/2013,02/02/2013,Campeonato Mundial,Roldanillo ,COLOMBIA, Valle del Cauca,FEDERACIÓN COLOMBIANA DE DEPORTES AÉREOS
CAPACITACION EN MANEJO DE SOFTWARE Y PROGRAMAS DE CLASIFICACION,02/08/2013,02/10/2013,Evento Académico,Sopetran ,COLOMBIA, Antioquia,FEDERACIÓN COLOMBIANA DE DEPORTES AÉREOS
2DA VALIDA CIRCUITO NACIONAL - COPA DE OCCIDENTE SOPETRAN,02/08/2013,02/10/2013,Campeonato Nacional,Sopetran ,COLOMBIA, Antioquia,FEDERACIÓN COLOMBIANA DE DEPORTES AÉREOS
2013 PARAGLIDING WORLD CUP AFRICA,02/23/2013,03/02/2013,Copa Mundo,Porterville,SUDAFRICA,,FEDERACIÓN COLOMBIANA DE DEPORTES AÉREOS
ENTRENAMIENTO SELECCIÓN COLOMBIA DE PARACAIDISMO,02/27/2013,03/08/2013,Evento de Preparacion Deportiva,Florida,ESTADOS UNIDOS,,FEDERACIÓN COLOMBIANA DE DEPORTES AÉREOS
CAMPEONATO ABIERTO DE PARACAIDISMO FLCPA DE CANOPY PILOTING,03/02/2013,03/05/2013,Evento de Preparacion Deportiva,Florida,ESTADOS UNIDOS,,FEDERACIÓN COLOMBIANA DE DEPORTES AÉREOS
ENCUENTRO RECREATIVO - APIA 2013,03/23/2013,03/25/2013,Campeonato Nacional,Apia ,COLOMBIA, Risaralda,FEDERACIÓN COLOMBIANA DE DEPORTES AÉREOS
CAMPEONATO ABIERTO DE VUELO RELATIVO Y DE PRECISIÓN DE ATERRIZAJE,03/28/2013,03/31/2013,Campeonato Nacional,Flandes ,COLOMBIA, Tolima,FEDERACIÓN COLOMBIANA DE DEPORTES AÉREOS
ENTRENAMIENTO SELECCIÓN COLOMBIA DE PARACAIDISMO,03/29/2013,03/31/2013,Evento de Preparacion Deportiva,Florida,ESTADOS UNIDOS,,FEDERACIÓN COLOMBIANA DE DEPORTES AÉREOS
ENTRENAMIENTO SELECCIÓN COLOMBIA DE PARACAIDISMO,04/12/2013,04/14/2013,Evento de Preparacion Deportiva,Florida,ESTADOS UNIDOS,,FEDERACIÓN COLOMBIANA DE DEPORTES AÉREOS
2013 WORLD CUP BRAZIL,04/13/2013,04/20/2013,Copa Mundo,Florida,ESTADOS UNIDOS,,FEDERACIÓN COLOMBIANA DE DEPORTES AÉREOS
ROB KELLS MEET,04/13/2013,04/19/2013,Campeonato Norteamericano,Florida,ESTADOS UNIDOS,,FEDERACIÓN COLOMBIANA DE DEPORTES AÉREOS
COMPETENCIA DE VUELO RELATIVO 16 WAY DE AMERICA LATINA,04/18/2013,04/21/2013,Campeonato Latinoamericano,Mexico,MEXICO,,FEDERACIÓN COLOMBIANA DE DEPORTES AÉREOS
FLYTEC RACE AND RALLY,04/25/2013,04/28/2013,Concentracion Internacional,Florida,ESTADOS UNIDOS,,FEDERACIÓN COLOMBIANA DE DEPORTES AÉREOS
TOPGUN DE AEROMODELISMO,05/01/2013,05/05/2013,Open Internacional,Florida,ESTADOS UNIDOS,,FEDERACIÓN COLOMBIANA DE DEPORTES AÉREOS
ENTRENAMIENTO SELECCIÓN COLOMBIA DE PARACAIDISMO,05/01/2013,05/07/2013,Evento de Preparacion Deportiva,Florida,ESTADOS UNIDOS,,FEDERACIÓN COLOMBIANA DE DEPORTES AÉREOS
2013 USPA CP Nationals,05/08/2013,05/10/2013,Campeonato Norteamericano,Florida,ESTADOS UNIDOS,,FEDERACIÓN COLOMBIANA DE DEPORTES AÉREOS
1RA VALIDA CIRCUITO ACCURACY - COPA RUITOQUE PARAPENTE ACCURACY,05/11/2013,05/13/2013,Campeonato Nacional,Bucaramanga ,COLOMBIA, Santander,FEDERACIÓN COLOMBIANA DE DEPORTES AÉREOS
ENTRENAMIENTO SELECCION COLOMBIA DE PARAPENTE,06/06/2013,06/10/2013,Concentracion Internacional,Cali ,COLOMBIA, Valle del Cauca,FEDERACIÓN COLOMBIANA DE DEPORTES AÉREOS
3RA VALIDA CIRCUITO NACIONAL,06/07/2013,06/10/2013,Campeonato Nacional,Roldanillo ,COLOMBIA, Valle del Cauca,FEDERACIÓN COLOMBIANA DE DEPORTES AÉREOS
2DO ENCUENTRO DE PARAMOTOR,06/07/2013,06/09/2013,Campeonato Nacional,Villavicencio ,COLOMBIA, Meta,FEDERACIÓN COLOMBIANA DE DEPORTES AÉREOS
CAMPEONATO NACIONAL F3N/F3C,06/08/2013,06/09/2013,Campeonato Nacional,Bogotá D.C. ,COLOMBIA, Bogotá D.C.,FEDERACIÓN COLOMBIANA DE DEPORTES AÉREOS
2DA VALIDA ENTRENAMIENTO WORLD GAMES-COPA CIUDAD DE CALI PARAPENTE ACCURACY,06/08/2013,06/10/2013,Campeonato Nacional,Cali ,COLOMBIA, Valle del Cauca,FEDERACIÓN COLOMBIANA DE DEPORTES AÉREOS
2013 WORLD CUP FRANCE,06/22/2013,06/29/2013,Copa Mundo,Val Louron,FRANCIA,,FEDERACIÓN COLOMBIANA DE DEPORTES AÉREOS
TORNEO IMAC Y HELICOPTEROS,06/28/2013,07/01/2013,Torneo Abierto,Rionegro ,COLOMBIA, Antioquia,FEDERACIÓN COLOMBIANA DE DEPORTES AÉREOS
COPA IYOMA 2013,06/28/2013,07/01/2013,Campeonato Nacional,Roldanillo ,COLOMBIA, Valle del Cauca,FEDERACIÓN COLOMBIANA DE DEPORTES AÉREOS
CAMPEONATO NACIONAL DE PARACAIDISMO CANOPY PILOTING,06/28/2013,07/01/2013,Campeonato Nacional,Cali ,COLOMBIA, Valle del Cauca,FEDERACIÓN COLOMBIANA DE DEPORTES AÉREOS
CAMPEONATO NACIONAL DE PARACAIDISMO EN CAIDA LIBRE Y PARACAIDISMO MILITAR INTER FUERZAS 2013,06/28/2013,07/01/2013,Campeonato Nacional,Melgar ,COLOMBIA, Tolima,FEDERACIÓN COLOMBIANA DE DEPORTES AÉREOS
3RA VALIDA CIRCUITO ACCURACY -COPA RUITOQUE PARAPENTE ACCURACY,06/29/2013,07/01/2013,Campeonato Nacional,Ricaurte ,COLOMBIA, Cundinamarca,FEDERACIÓN COLOMBIANA DE DEPORTES AÉREOS
ENCUENTRO NACIONAL ANSERMANUEVO,07/06/2013,07/08/2013,Campeonato Nacional,Ansermanuevo ,COLOMBIA, Valle del Cauca,FEDERACIÓN COLOMBIANA DE DEPORTES AÉREOS
13TH WORLD PARAGLIDING CHAMPIONSHIP,07/13/2013,07/26/2013,Campeonato Mundial,Sopot,BULGARIA,,FEDERACIÓN COLOMBIANA DE DEPORTES AÉREOS
4TA VALIDA CIRCUITO NACIONAL,07/19/2013,07/21/2013,Campeonato Nacional,Apia ,COLOMBIA, Risaralda,FEDERACIÓN COLOMBIANA DE DEPORTES AÉREOS
WORLD GAMES CALI 2013,07/25/2013,08/04/2013,Campeonato Mundial,Cali ,COLOMBIA, Valle del Cauca,FEDERACIÓN COLOMBIANA DE DEPORTES AÉREOS
PARANOIA ACROBATIXXX,08/02/2013,08/04/2013,Juegos Olímpicos de Verano,Zell Am See,AUSTRALIA,,FEDERACIÓN COLOMBIANA DE DEPORTES AÉREOS
CAMPEONATO NACIONAL DE ALA DELTA,08/04/2013,08/10/2013,Campeonato Nacional,Roldanillo ,COLOMBIA, Valle del Cauca,FEDERACIÓN COLOMBIANA DE DEPORTES AÉREOS
CAMPEONATO LATINOAMERICANO DE PARACAIDISMO,08/05/2013,08/11/2013,Campeonato Latinoamericano,Paraguay ,PARAGUAY,,FEDERACIÓN COLOMBIANA DE DEPORTES AÉREOS
2013 WORLD CUP SERBIA,08/10/2013,08/17/2013,Copa Mundo,Raska Kopaonik,SERBIA,,FEDERACIÓN COLOMBIANA DE DEPORTES AÉREOS
28O. CAMPEONATO MUNDIAL FAI PARA CATEGORIA F3A,08/15/2013,08/25/2013,Campeonato Mundial,Henley On Klip,SUDAFRICA,,FEDERACIÓN COLOMBIANA DE DEPORTES AÉREOS
CAMPEONATO SUIZO,08/16/2013,08/19/2013,Juegos Olímpicos de Verano,Wessen,SUIZA,,FEDERACIÓN COLOMBIANA DE DEPORTES AÉREOS
5TA VALIDA CIRCUITO NACIONAL,08/16/2013,08/19/2013,Campeonato Nacional,El Cerrito ,COLOMBIA, Valle del Cauca,FEDERACIÓN COLOMBIANA DE DEPORTES AÉREOS
CAMPEONATO NACIONAL F4C,08/17/2013,08/19/2013,Campeonato Nacional,Melgar ,COLOMBIA, Tolima,FEDERACIÓN COLOMBIANA DE DEPORTES AÉREOS
CAMPEONATO NACIONAL F3F,08/17/2013,08/18/2013,Campeonato Nacional,Bucaramanga ,COLOMBIA, Santander,FEDERACIÓN COLOMBIANA DE DEPORTES AÉREOS
COPA COLOMBIA,08/18/2013,08/20/2013,Campeonato Nacional,Flandes ,COLOMBIA, Tolima,FEDERACIÓN COLOMBIANA DE DEPORTES AÉREOS
7TH WORLD PARAGLIDING ACCURACY CHAMPIONSHIP,08/18/2013,08/25/2013,Clasificatorio al Mundial,"Bjelasnica, Sarajevo",BOSNIA AND HERZEGOVINA ,,FEDERACIÓN COLOMBIANA DE DEPORTES AÉREOS
CAMPEONATO BRASILERO DE ALA DELTA,08/25/2013,08/31/2013,Open Internacional,Brasilia,BRASIL,,FEDERACIÓN COLOMBIANA DE DEPORTES AÉREOS
CAMPEONATO FRANCES,08/30/2013,09/02/2013,Juegos Olímpicos de Verano,Annecy,FRANCIA,,FEDERACIÓN COLOMBIANA DE DEPORTES AÉREOS
CAMPEONATO MUNDIAL EMPURIABRAVA ESPAÑA 2013,09/01/2013,09/30/2013,Campeonato Mundial,España,ESPAÑA, ,FEDERACIÓN COLOMBIANA DE DEPORTES AÉREOS
2013 WORLD CUP TURKEY,09/01/2013,09/07/2013,Copa Mundo,Herzincan,TURQUIA,,FEDERACIÓN COLOMBIANA DE DEPORTES AÉREOS
2013 BELGIAN PARAGLIDING OPEN,09/03/2013,09/09/2013,Open Internacional,Disentis,SUIZA,,FEDERACIÓN COLOMBIANA DE DEPORTES AÉREOS
SANTA CRUZ FLATS RACE,09/15/2013,09/22/2013,Open Internacional,Arizona,ESTADOS UNIDOS,,FEDERACIÓN COLOMBIANA DE DEPORTES AÉREOS
COPA ICARO,09/20/2013,09/23/2013,Juegos Olímpicos de Verano,St. Hilaire,FRANCIA,,FEDERACIÓN COLOMBIANA DE DEPORTES AÉREOS
USA NATIONALS FORMATION SKYDIVING 4 WAY,09/24/2013,09/29/2013,Campeonato Norteamericano,Chicago,ESTADOS UNIDOS,,FEDERACIÓN COLOMBIANA DE DEPORTES AÉREOS
COPA TOCAIMA,10/11/2013,10/14/2013,Campeonato Nacional,Tocaima ,COLOMBIA, Cundinamarca,FEDERACIÓN COLOMBIANA DE DEPORTES AÉREOS
TORNEO SEMILLEROS ACROBACIA AVIONES Y HELICOPTEROS,10/11/2013,10/14/2013,Torneo Abierto,Bogotá D.C. ,COLOMBIA, Bogotá D.C.,FEDERACIÓN COLOMBIANA DE DEPORTES AÉREOS
CANOA OPEN 2013,10/31/2013,11/02/2013,Campeonato Latinoamericano,Manabi,ECUADOR,,FEDERACIÓN COLOMBIANA DE DEPORTES AÉREOS
10° ENCUETRO DE PARAPENTE PACHAVITA 2013,11/09/2013,11/11/2013,Campeonato Nacional,Pachavita ,COLOMBIA, Boyacá,FEDERACIÓN COLOMBIANA DE DEPORTES AÉREOS
ACROLATINO,11/23/2013,11/25/2013,Campeonato Latinoamericano,Ibarra,ECUADOR,,FEDERACIÓN COLOMBIANA DE DEPORTES AÉREOS
WORLD PARAGLIDING SERIES 2013,11/30/2013,12/07/2013,Clasificatorio al Mundial,Roldanillo ,COLOMBIA, Valle del Cauca,FEDERACIÓN COLOMBIANA DE DEPORTES AÉREOS
ACROARICA,12/05/2013,12/08/2013,Campeonato Latinoamericano,Arica,CHILE,,FEDERACIÓN COLOMBIANA DE DEPORTES AÉREOS
CNC y CCN Selectiva Prueba Completa Juegos Bolivarianos,05/10/2013,05/12/2013,Torneo Abierto,Sopo ,COLOMBIA, Cundinamarca,FEDERACIÓN ECUESTRE DE COLOMBIA
"Concurso Nacional de Salto-Chequeo Camp. Centroemaricano Infantil, Prejuvenil, Juvenil, Jovenes",05/16/2013,05/19/2013,Torneo Abierto,Cajica ,COLOMBIA, Cundinamarca,FEDERACIÓN ECUESTRE DE COLOMBIA
Concurso de Salto Chequeo Campeonato Centroamericano-Gira de Occidente,05/17/2013,05/19/2013,Torneo Abierto,Rionegro ,COLOMBIA, Antioquia,FEDERACIÓN ECUESTRE DE COLOMBIA
Concurso Nacional de Adiestramiento Primer Chequeo Juegos Bolivarianos,05/18/2013,05/19/2013,Torneo Abierto,Bogotá D.C. ,COLOMBIA, Bogotá D.C.,FEDERACIÓN ECUESTRE DE COLOMBIA
Clinica para Jinetes de Adiestramiento,05/23/2013,05/26/2013,Evento de Preparacion Deportiva,Bogotá D.C. ,COLOMBIA, Bogotá D.C.,FEDERACIÓN ECUESTRE DE COLOMBIA
"Concurso Nacional de Salto, Chequeo Camp. Centroamericano Infantil-Prejuvenil, Juvenil, Jovenes",05/23/2013,05/26/2013,Torneo Abierto,Bogotá D.C. ,COLOMBIA, Bogotá D.C.,FEDERACIÓN ECUESTRE DE COLOMBIA
Concurso de Salto Chequeo Campeonato Centroamericano-Gira de Occidente,05/24/2013,05/26/2013,Torneo Abierto,Rionegro ,COLOMBIA, Antioquia,FEDERACIÓN ECUESTRE DE COLOMBIA
Concurso Nacional de Salto,06/07/2013,06/10/2013,Torneo Abierto,Bogotá D.C. ,COLOMBIA, Bogotá D.C.,FEDERACIÓN ECUESTRE DE COLOMBIA
CEI 1 y 2 Enduro,06/09/2013,06/09/2013,Torneo Abierto,Boyacá,COLOMBIA,Boyacá,FEDERACIÓN ECUESTRE DE COLOMBIA
Clinica de Prueba Completa,06/11/2013,06/16/2013,Evento de Preparacion Deportiva,Bogotá D.C. ,COLOMBIA, Bogotá D.C.,FEDERACIÓN ECUESTRE DE COLOMBIA
Concurso Nacional Combinado y Concurso Completo Nacional,06/14/2013,06/16/2013,Torneo Abierto,Sopo ,COLOMBIA, Cundinamarca,FEDERACIÓN ECUESTRE DE COLOMBIA
FEI World Jumping Challenge Final,06/19/2013,06/23/2013,Torneo Abierto,Cajica ,COLOMBIA, Cundinamarca,FEDERACIÓN ECUESTRE DE COLOMBIA
Clinica para jinetes y entrenadores de Paraecuestres (adiestramiento),06/19/2013,06/29/2013,Evento de Preparacion Deportiva,La Calera ,COLOMBIA, Cundinamarca,FEDERACIÓN ECUESTRE DE COLOMBIA
Clinica para Jinetes de Adiestramiento,06/20/2013,06/23/2013,Evento de Preparacion Deportiva,Bogotá D.C. ,COLOMBIA, Bogotá D.C.,FEDERACIÓN ECUESTRE DE COLOMBIA
FEI Children Jumping Classic y Concurso Interligas de Salto Copa Gob.de Cun I,06/20/2013,06/23/2013,Torneo Abierto,Funza ,COLOMBIA, Cundinamarca,FEDERACIÓN ECUESTRE DE COLOMBIA
Concurso Interligas de Adiestramiento Segundo Chequeo Bolivarianos,06/22/2013,06/23/2013,Torneo Abierto,Bogotá D.C. ,COLOMBIA, Bogotá D.C.,FEDERACIÓN ECUESTRE DE COLOMBIA
Concurso Interligas de Salto Copa Gob. de Cund II,06/28/2013,07/01/2013,Torneo Abierto,Cota ,COLOMBIA, Cundinamarca,FEDERACIÓN ECUESTRE DE COLOMBIA
Concurso Nacional de Salto Copa Gob. de Cund III,07/04/2013,07/07/2013,Torneo Abierto,Cajica ,COLOMBIA, Cundinamarca,FEDERACIÓN ECUESTRE DE COLOMBIA
Concurso Nacional de Adiestramiento Chequeo Juegos Bolivarianos,07/05/2013,07/07/2013,Torneo Abierto,Cali ,COLOMBIA, Valle del Cauca,FEDERACIÓN ECUESTRE DE COLOMBIA
Clinica de Prueba Completa,07/09/2013,07/11/2013,Evento de Preparacion Deportiva,Duitama ,COLOMBIA, Boyacá,FEDERACIÓN ECUESTRE DE COLOMBIA
"CCI1, CIC y2da Selectiva Juegos Bolivarianos",07/12/2013,07/14/2013,Torneo Abierto,Boyacá,COLOMBIA,Boyacá,FEDERACIÓN ECUESTRE DE COLOMBIA
Concurso Internacional de Vaulting CVI,07/12/2013,07/14/2013,Torneo Abierto,Cajica ,COLOMBIA, Cundinamarca,FEDERACIÓN ECUESTRE DE COLOMBIA
FEI World Jumping Challenge Cat. B y C e Interligas de Salto,07/26/2013,07/28/2013,Torneo Abierto,Bogotá D.C. ,COLOMBIA, Bogotá D.C.,FEDERACIÓN ECUESTRE DE COLOMBIA
Clinica para Volteadores y Entrenadores FEI Coaching System Vaulting,08/03/2013,08/08/2013,Evento de Preparacion Deportiva,Bogotá D.C. ,COLOMBIA, Bogotá D.C.,FEDERACIÓN ECUESTRE DE COLOMBIA
Concurso Nal de Salto Selectiva Juegos Bolivarianos,08/08/2013,08/11/2013,Torneo Abierto,Bogotá D.C. ,COLOMBIA, Bogotá D.C.,FEDERACIÓN ECUESTRE DE COLOMBIA
Clinica de Prueba Completa,08/13/2013,08/15/2013,Evento de Preparacion Deportiva,Funza ,COLOMBIA, Cundinamarca,FEDERACIÓN ECUESTRE DE COLOMBIA
Concurso Nal. de Adiestramiento y Combinado y Concurso Completo Nal. Selectiva Juegos Bolivarianos,08/16/2013,08/18/2013,Torneo Abierto,Funza ,COLOMBIA, Cundinamarca,FEDERACIÓN ECUESTRE DE COLOMBIA
FEI World Jumping Challenge Cat. A e Interligas de Salto Selectiva Juegos Bolivarianos,08/16/2013,08/19/2013,Torneo Abierto,Bogotá D.C. ,COLOMBIA, Bogotá D.C.,FEDERACIÓN ECUESTRE DE COLOMBIA
Carrera Nacional de Endurance,08/18/2013,08/18/2013,Torneo Abierto,Medellín,COLOMBIA, Antioquia,FEDERACIÓN ECUESTRE DE COLOMBIA
Curso FEI para Jueces de Salto,08/28/2013,08/30/2013,Evento de Preparacion Deportiva,Bogotá D.C. ,COLOMBIA, Bogotá D.C.,FEDERACIÓN ECUESTRE DE COLOMBIA
CSI-W Concurso Internacional De Salto Calificativa A La Final De La Copa Del Mundo,08/28/2013,09/01/2013,Torneo Abierto,Bogotá D.C. ,COLOMBIA, Bogotá D.C.,FEDERACIÓN ECUESTRE DE COLOMBIA
Clinica para Jinetes de Adiestramiento,08/29/2013,09/01/2013,Evento de Preparacion Deportiva,Bogotá D.C. ,COLOMBIA, Bogotá D.C.,FEDERACIÓN ECUESTRE DE COLOMBIA
Curso FEI para Diseñadores de Pista,08/29/2013,09/03/2013,Evento de Preparacion Deportiva,Bogotá D.C. ,COLOMBIA, Bogotá D.C.,FEDERACIÓN ECUESTRE DE COLOMBIA
Curso FEI para Stewards,09/02/2013,09/04/2013,Evento de Preparacion Deportiva,Bogotá D.C. ,COLOMBIA, Bogotá D.C.,FEDERACIÓN ECUESTRE DE COLOMBIA
CSI-W Derby e Internacional Infantil de Salto,09/04/2013,09/08/2013,Torneo Abierto,Bogotá D.C. ,COLOMBIA, Bogotá D.C.,FEDERACIÓN ECUESTRE DE COLOMBIA
Selectiva Juegos Bolivarianos y Curso FEI para Jueces de Adiestramiento,09/05/2013,09/08/2013,Torneo Abierto,Bogotá D.C. ,COLOMBIA, Bogotá D.C.,FEDERACIÓN ECUESTRE DE COLOMBIA
Concurso Nacional de Adiestramiento Chequeo Juegos Bolivarianos,09/14/2013,09/15/2013,Torneo Abierto,Cota ,COLOMBIA, Cundinamarca,FEDERACIÓN ECUESTRE DE COLOMBIA
"Campeonato Americano de Jovenes y Suramericano Juvenil , prejuvenil e Infantil",09/17/2013,09/22/2013,Campeonato Suramericano,Rosario,ARGENTINA,,FEDERACIÓN ECUESTRE DE COLOMBIA
"Campeonato Centroamericano y del Caribe Infantil, Juvenil y Prejuvenil",09/17/2013,09/22/2013,Campeonato Centroamericano y del Caribe,Caracas,VENEZUELA,,FEDERACIÓN ECUESTRE DE COLOMBIA
Clinica de Prueba Completa,09/18/2013,09/20/2013,Evento de Preparacion Deportiva,Duitama ,COLOMBIA, Boyacá,FEDERACIÓN ECUESTRE DE COLOMBIA
Concurso Interligas de Salto,09/19/2013,09/22/2013,Torneo Abierto,Bogotá D.C. ,COLOMBIA, Bogotá D.C.,FEDERACIÓN ECUESTRE DE COLOMBIA
Concurso FEI CIC y 1 y 2 y CCI 1 Selectiva Juegos Bolivarianos,09/20/2013,09/22/2013,Torneo Abierto,Boyacá,COLOMBIA,Boyacá,FEDERACIÓN ECUESTRE DE COLOMBIA
Curso FEI Coaching System Level 3,09/22/2013,09/26/2013,Evento de Preparacion Deportiva,Bogotá D.C. ,COLOMBIA, Bogotá D.C.,FEDERACIÓN ECUESTRE DE COLOMBIA
Campeonato Panamericano de Enduro,09/25/2013,09/27/2013,Campeonato Panamericano,Trinidad,URUGUAY,,FEDERACIÓN ECUESTRE DE COLOMBIA
Concurso Nacional de Vaulting,09/28/2013,09/29/2013,Torneo Abierto,Bogotá D.C. ,COLOMBIA, Bogotá D.C.,FEDERACIÓN ECUESTRE DE COLOMBIA
Carrera Nacional de Endurance,09/28/2013,09/28/2013,Torneo Abierto,Duitama ,COLOMBIA, Boyacá,FEDERACIÓN ECUESTRE DE COLOMBIA
Clinica para Jinetes de Salto en Medellin y Cali,10/02/2013,10/30/2013,Evento de Preparacion Deportiva,Cali ,COLOMBIA, Valle del Cauca,FEDERACIÓN ECUESTRE DE COLOMBIA
Concurso Nacional de Salto Selectiva Juegos Bolivarianos,10/03/2013,10/06/2013,Torneo Abierto,Bogotá D.C. ,COLOMBIA, Bogotá D.C.,FEDERACIÓN ECUESTRE DE COLOMBIA
Clinica para Jinetes de Adiestramiento,10/17/2013,10/20/2013,Evento de Preparacion Deportiva,Bogotá D.C. ,COLOMBIA, Bogotá D.C.,FEDERACIÓN ECUESTRE DE COLOMBIA
Campeonato Prueba Completa 2013,10/17/2013,10/20/2013,Campeonato Nacional,Duitama ,COLOMBIA, Boyacá,FEDERACIÓN ECUESTRE DE COLOMBIA
Curso FEI para Jueces y Oficiales de Enduro,10/23/2013,10/25/2013,Evento de Preparacion Deportiva,Bogotá D.C. ,COLOMBIA, Bogotá D.C.,FEDERACIÓN ECUESTRE DE COLOMBIA
Concurso Interligas de Salto,10/24/2013,10/27/2013,Torneo Abierto,Cajica ,COLOMBIA, Cundinamarca,FEDERACIÓN ECUESTRE DE COLOMBIA
Campeonatos Nacionales de Adiestramiento 2013,10/24/2013,10/27/2013,Campeonato Nacional,Bogotá D.C. ,COLOMBIA, Bogotá D.C.,FEDERACIÓN ECUESTRE DE COLOMBIA
"CEI1,2 Y 3 Campeonatos Nacionales de Enduro 2013",10/26/2013,10/27/2013,Campeonato Nacional,Mosquera ,COLOMBIA, Cundinamarca,FEDERACIÓN ECUESTRE DE COLOMBIA
Concurso Nacional de Vaulting,10/26/2013,10/27/2013,Torneo Abierto,Cota ,COLOMBIA, Cundinamarca,FEDERACIÓN ECUESTRE DE COLOMBIA
FEI World Dresssage Challenge,11/01/2013,11/03/2013,Torneo Abierto,Bogotá D.C. ,COLOMBIA, Bogotá D.C.,FEDERACIÓN ECUESTRE DE COLOMBIA
Campeonato Colombiano Intermedia y Equipos,11/01/2013,11/04/2013,Campeonato Nacional,Bogotá D.C. ,COLOMBIA, Bogotá D.C.,FEDERACIÓN ECUESTRE DE COLOMBIA
"Campeonato Preinfantil, Infantil y Jinetes 0.80 Mts",11/08/2013,11/11/2013,Campeonato Nacional,Cajica ,COLOMBIA, Cundinamarca,FEDERACIÓN ECUESTRE DE COLOMBIA
Campeonatos Nacionales y Clinica para Jueces y Jinetes de Vaulting,11/12/2013,11/17/2013,Campeonato Nacional,Bogotá D.C. ,COLOMBIA, Bogotá D.C.,FEDERACIÓN ECUESTRE DE COLOMBIA
Campeonato Juvenil Jinetes 1.20Mts y Jinetes 1.00Mts,11/14/2013,11/17/2013,Campeonato Nacional,Bogotá D.C. ,COLOMBIA, Bogotá D.C.,FEDERACIÓN ECUESTRE DE COLOMBIA
Juegos Bolivarianos 2013,11/14/2013,11/24/2013,Juegos Bolivarianos,Lima,PERU,,FEDERACIÓN ECUESTRE DE COLOMBIA
FEI Children Jumping Classic Mudial FEI,12/10/2013,12/15/2013,Torneo Abierto,Brasilia,BRASIL,,FEDERACIÓN ECUESTRE DE COLOMBIA
CONCENTRACION PANAMERICANO MAYORES,05/31/2013,06/06/2013,Concentración Nacional,Bogotá D.C. y Cali,COLOMBIA,,FEDERACIÓN COLOMBIANA DE ESGRIMA
CAMPEONATO NACIONAL VENCEDORES/3ER ESCALAFÓN MAYORES,06/06/2013,06/10/2013,Campeonato Nacional,Cali ,COLOMBIA, Valle del Cauca,FEDERACIÓN COLOMBIANA DE ESGRIMA
CAMPEONATO PANAMERICANO MAYORES,06/15/2013,06/22/2013,Campeonato Panamericano,Cartagena,COLOMBIA,Bolívar,FEDERACIÓN COLOMBIANA DE ESGRIMA
1ER FESTIVAL INFANTIL/2DO ESCALAFÓN NACIONAL CADETES Y JUVENILES,07/17/2013,07/21/2013,Campeonato Nacional,Manizales ,COLOMBIA, Caldas,FEDERACIÓN COLOMBIANA DE ESGRIMA
CAMPEONATO MUNDIAL MAYORES,08/06/2013,08/14/2013,Campeonato Mundial,Budapest,HUNGRIA,,FEDERACIÓN COLOMBIANA DE ESGRIMA
CAMPEONATO PANAMERICANO INFANTIL - VETERANOS,08/16/2013,08/20/2013,Campeonato Panamericano,San José,COSTA RICA,,FEDERACIÓN COLOMBIANA DE ESGRIMA
CAMPEONATO SENIOR MASTER,08/17/2013,08/19/2013,Campeonato Nacional,Ibague ,COLOMBIA, Tolima,FEDERACIÓN COLOMBIANA DE ESGRIMA
2DO FESTIVAL INFANTIL/2ER ESCALAFÓN CADETES Y JUVENIL,09/05/2013,09/08/2013,Campeonato Nacional,Madrid ,COLOMBIA, Cundinamarca,FEDERACIÓN COLOMBIANA DE ESGRIMA
CAMPEONATO CENTROAMERICANO Y DEL CARIBE MAYORES,09/06/2013,09/10/2013,Campeonato Centroamericano y del Caribe,Guatemala ,GUATEMALA,,FEDERACIÓN COLOMBIANA DE ESGRIMA
JUEGOS SURAMERICANOS JUVENILES,09/18/2013,09/29/2013,Juegos Suramericanos,Lima,PERU,,FEDERACIÓN COLOMBIANA DE ESGRIMA
4TO ESCALAFÓN NACIONAL DE MAYORES,10/10/2013,10/13/2013,Campeonato Nacional,Pereira ,COLOMBIA, Risaralda,FEDERACIÓN COLOMBIANA DE ESGRIMA
CAMPEONATO CENTROAMERICANO Y DEL CARIBE CADETES Y JUVENIL,10/18/2013,10/21/2013,Campeonato Centroamericano y del Caribe,Nicaragua,NICARAGUA,,FEDERACIÓN COLOMBIANA DE ESGRIMA
TORNEO INVITACIONAL DE SABLE ROSALBA RINCÓN,11/02/2013,11/05/2013,Campeonato Nacional,Cali ,COLOMBIA, Valle del Cauca,FEDERACIÓN COLOMBIANA DE ESGRIMA
GRAN NACIONAL DE MAYORES,11/06/2013,11/11/2013,Campeonato Nacional,Cali ,COLOMBIA, Valle del Cauca,FEDERACIÓN COLOMBIANA DE ESGRIMA
JUEGOS BOLIVARIANOS,11/15/2013,11/30/2013,Juegos Bolivarianos,Lima,PERU,,FEDERACIÓN COLOMBIANA DE ESGRIMA
"GRAN NACIONAL INFANTIL, CADETES Y JUVENIL",12/03/2013,12/08/2013,Juegos Nacionales,Medellín,COLOMBIA, Antioquia,FEDERACIÓN COLOMBIANA DE ESGRIMA
CURSO DE POLITICA DE HABITOS Y ESTILOS DE VIDA SALUDABLE,09/16/2013,09/19/2013,,,COLOMBIA,,COLDEPORTES
ENCUENTROS REGIONALES DE HYEVS EN NORTE Y SUR DE COLOMBIA,10/08/2013,10/11/2013,,,COLOMBIA,,COLDEPORTES
ENCUENTROS REGIONALES DE HYEVS EN NORTE Y SUR DE COLOMBIA,10/22/2013,10/22/2013,,,COLOMBIA,,COLDEPORTES
REUNION ANUAL DE RED DE RIPAF ,09/19/2013,09/19/2013,,,COLOMBIA,,COLDEPORTES
REUNION ANUAL DE RECOVIAS Y SOCIALIZACION,11/09/2013,11/09/2013,,,COLOMBIA,,COLDEPORTES
"""5K POR LA SALUD""",09/29/2013,09/29/2013,,,COLOMBIA,,COLDEPORTES
XIV ENCUENTRO NACIONAL NUEVO COMIENZO,09/27/2013,31/09/2013,,,COLOMBIA,,COLDEPORTES
ENCUENTRO REGIONAL  SOCIALIZACION LINEAMIENTOS DISCAPACIDAD (3),09/18/2013,09/20/2013,,,COLOMBIA,,COLDEPORTES
JUEGOS LITORAL PACIFICO,11/20/2013,11/25/2013,,,COLOMBIA,,COLDEPORTES
" 7 REGIONALES SUPÉRATE-INTERCOLEGIADOS Categoría ""A""",10/07/2013,10/11/2013,,,COLOMBIA,,COLDEPORTES
" 7 REGIONALES SUPÉRATE-INTERCOLEGIADOS Categoría ""B""",10/07/2013,10/11/2013,,,COLOMBIA,,COLDEPORTES
"FINAL NACIONAL SUPÉRATE-INTERCOLEGIADOS 2013 Categoría ""A""",10/19/2013,10/31/2013,,,COLOMBIA,,COLDEPORTES
"FINAL NACIONAL SUPÉRATE-INTERCOLEGIADOS 2013 Categoría ""B""",10/19/2013,10/31/2013,,,COLOMBIA,,COLDEPORTES
IV   JUEGOS ESCOLARES  CENTROAMERICANOS Y DEL CARIBE 2013,10/31/2013,11/09/2013,,,COLOMBIA,,COLDEPORTES
,,,,,,,
,,,,,,,
,,,,,,,
,,,,,,,
,,,,,,,
,,,,,,,
,,,,,,,
,,,,,,,
,,,,,,,
,,,,,,,
,,,,,,,
,,,,,,,
,,,,,,,
,,,,,,,
,,,,,,,
,,,,,,,
,,,,,,,
,,,,,,,
,,,,,,,
,,,,,,,
,,,,,,,
,,,,,,,
,,,,,,,
,,,,,,,
,,,,,,,
,,,,,,,
,,,,,,,
,,,,,,,
,,,,,,,
,,,,,,,
,,,,,,,
,,,,,,,
,,,,,,,
,,,,,,,
,,,,,,,
,,,,,,,
,,,,,,,
,,,,,,,
,,,,,,,
,,,,,,,
,,,,,,,
,,,,,,,
,,,,,,,
,,,,,,,
,,,,,,,
,,,,,,,
,,,,,,,
,,,,,,,
,,,,,,,
,,,,,,,
,,,,,,,
,,,,,,,
,,,,,,,
,,,,,,,
,,,,,,,
,,,,,,,
,,,,,,,
,,,,,,,
,,,,,,,
,,,,,,,
,,,,,,,
,,,,,,,
,,,,,,,
,,,,,,,
,,,,,,,
,,,,,,,
,,,,,,,
,,,,,,,
,,,,,,,
,,,,,,,
,,,,,,,
,,,,,,,
,,,,,,,
,,,,,,,
,,,,,,,
,,,,,,,
,,,,,,,
,,,,,,,
,,,,,,,
,,,,,,,
,,,,,,,
,,,,,,,
