Nombre,Tipo,Fecha_Desde ,Fecha_Hasta,País,Lugar,Territorio,Entidad,Escenario,Descripcion_del_Evento,Pagina_Web,email
Concentracion Deportiva,Concentración Nacional,08/01/2013,12/01/2013,COLOMBIA,Medellín, Antioquia,FEDERACIÓN COLOMBIANA DE ACTIVIDADES SUBACUÁTICAS,,,,
Campeonatos Regionales,Campeonato Nacional,22/02/2013,24/02/2013,COLOMBIA,Bogotá D.C. , Bogotá D.C.,FEDERACIÓN COLOMBIANA DE ACTIVIDADES SUBACUÁTICAS,,,,
1 Ronda Copa Mundo N.A,Copa Mundo,01/03/2013,03/03/2013,HUNGRIA,Eger,,FEDERACIÓN COLOMBIANA DE ACTIVIDADES SUBACUÁTICAS,,,,
2 Ronda Copa Mundo N.A.,Copa Mundo,15/03/2013,17/03/2013,ITALIA,Lignano,,FEDERACIÓN COLOMBIANA DE ACTIVIDADES SUBACUÁTICAS,,,,
Campeonato Nacional Interclubes por Categorias,Campeonato Nacional,21/03/2013,26/03/2013,COLOMBIA,Cali , Valle del Cauca,FEDERACIÓN COLOMBIANA DE ACTIVIDADES SUBACUÁTICAS,,,,
Campeonato Nacional Interclubes por Categorias,Campeonato Nacional,21/03/2013,26/03/2013,COLOMBIA,Cali , Valle del Cauca,FEDERACIÓN COLOMBIANA DE ACTIVIDADES SUBACUÁTICAS,,,,
II Parada nacional Inerclubes. Elite / Ascenso,Campeonato Nacional,22/03/2013,25/03/2013,COLOMBIA,Medellín, Antioquia,FEDERACIÓN COLOMBIANA DE ACTIVIDADES SUBACUÁTICAS,,,,
3 Ronda Copa Mundo N.A. y L.D.,Copa Mundo,04/04/2013,07/04/2013,EGIPTO,Sharm el  Sheikh,,FEDERACIÓN COLOMBIANA DE ACTIVIDADES SUBACUÁTICAS,,,,
I campeonato nacional Interclubes con Invitación Internacional,Campeonato Nacional,05/04/2013,07/04/2013,COLOMBIA,Buenaventura , Valle del Cauca,FEDERACIÓN COLOMBIANA DE ACTIVIDADES SUBACUÁTICAS,,,,
4 Ronda Copa Mundo N.A. y L.D.,Copa Mundo,12/04/2013,14/04/2013,FRANCIA,Aix Provence,,FEDERACIÓN COLOMBIANA DE ACTIVIDADES SUBACUÁTICAS,,,,
Asamblea Cmas,Evento Académico,17/04/2013,23/04/2013,FILIPINAS,Cebu,,FEDERACIÓN COLOMBIANA DE ACTIVIDADES SUBACUÁTICAS,,,,
IX Campeonato Nacional Interclubes con Invitación Internacional,Campeonato Nacional,26/04/2013,28/04/2013,COLOMBIA,Cali , Valle del Cauca,FEDERACIÓN COLOMBIANA DE ACTIVIDADES SUBACUÁTICAS,,,,
Nacional Interclubes sub 21,Campeonato Nacional,11/05/2013,13/05/2013,COLOMBIA,Villavicencio , Meta,FEDERACIÓN COLOMBIANA DE ACTIVIDADES SUBACUÁTICAS,,,,
5 Ronda Copa Mundo N.A.,Copa Mundo,18/05/2013,19/05/2013,POLONIA,Gliwice,,FEDERACIÓN COLOMBIANA DE ACTIVIDADES SUBACUÁTICAS,,,,
Concentracion Deportiva,Concentración Nacional,23/05/2013,26/05/2013,COLOMBIA,Cali , Valle del Cauca,FEDERACIÓN COLOMBIANA DE ACTIVIDADES SUBACUÁTICAS,,,,
II campeonato nacional Interclubes con Invitación Internacional,Campeonato Nacional,24/05/2013,26/05/2013,COLOMBIA,Cartagena , Bolívar,FEDERACIÓN COLOMBIANA DE ACTIVIDADES SUBACUÁTICAS,,,,
Festival Infantil Interclubes,Campeonato Nacional,24/05/2013,26/05/2013,COLOMBIA,Medellín, Antioquia,FEDERACIÓN COLOMBIANA DE ACTIVIDADES SUBACUÁTICAS,,,,
1 Ronda Copa Mundo Orientacion,Copa Mundo,24/05/2013,26/05/2013,REPÚBLICA CHECA,Jesenice,,FEDERACIÓN COLOMBIANA DE ACTIVIDADES SUBACUÁTICAS,,,,
2 Ronda Copa Mundo Orientacion,Copa Mundo,31/05/2013,02/06/2013,ALEMANIA,Storitzsee bei Erk,,FEDERACIÓN COLOMBIANA DE ACTIVIDADES SUBACUÁTICAS,,,,
IV Juegos Fedecas,Campeonato Nacional,14/06/2013,21/06/2013,COLOMBIA,Popayan , Cauca,FEDERACIÓN COLOMBIANA DE ACTIVIDADES SUBACUÁTICAS,,,,
Curso Nacional de Juzgamiento de Natación con Aletas y Rugby Subacuático,Evento Académico,18/06/2013,20/06/2013,COLOMBIA,Popayan , Cauca,FEDERACIÓN COLOMBIANA DE ACTIVIDADES SUBACUÁTICAS,,,,
Concentracion Deportiva,Concentración Nacional,24/06/2013,05/07/2013,COLOMBIA,Bogotá D.C. , Bogotá D.C.,FEDERACIÓN COLOMBIANA DE ACTIVIDADES SUBACUÁTICAS,,,,
Festival Internacional Infantil,Concentracion Internacional,11/07/2013,17/07/2013,CUBA,La Habana,,FEDERACIÓN COLOMBIANA DE ACTIVIDADES SUBACUÁTICAS,,,,
Concentracion Deportiva,Concentración Nacional,22/07/2013,25/07/2013,COLOMBIA,Cali , Valle del Cauca,FEDERACIÓN COLOMBIANA DE ACTIVIDADES SUBACUÁTICAS,,,,
Campeonatos Regionales,Campeonato Nacional,26/07/2013,28/07/2013,COLOMBIA,Bogotá D.C. , Bogotá D.C.,FEDERACIÓN COLOMBIANA DE ACTIVIDADES SUBACUÁTICAS,,,,
World Games,Juegos Mundiales,26/07/2013,27/07/2013,COLOMBIA,Cali , Valle del Cauca,FEDERACIÓN COLOMBIANA DE ACTIVIDADES SUBACUÁTICAS,,,,
III Parada Nacional Interclubes. Ascenso,Campeonato Nacional,02/08/2013,04/08/2013,COLOMBIA,Pereira , Risaralda,FEDERACIÓN COLOMBIANA DE ACTIVIDADES SUBACUÁTICAS,,,,
Juegos Mundiales CMAS,Juegos Mundiales,03/08/2013,13/08/2013,RUSIA,Kazan,,FEDERACIÓN COLOMBIANA DE ACTIVIDADES SUBACUÁTICAS,,,,
Festival Infantil Ligas,Campeonato Nacional,16/08/2013,19/08/2013,COLOMBIA,Girardot , Cundinamarca,FEDERACIÓN COLOMBIANA DE ACTIVIDADES SUBACUÁTICAS,,,,
III Parada Nacional Interclubes. Elite,Campeonato Nacional,17/08/2013,19/08/2013,COLOMBIA,Bogotá D.C. , Bogotá D.C.,FEDERACIÓN COLOMBIANA DE ACTIVIDADES SUBACUÁTICAS,,,,
I Juegos de Mar y Playa,Campeonato Nacional,23/08/2013,31/08/2013,COLOMBIA,San Andrés,San Andrés y Providencia,FEDERACIÓN COLOMBIANA DE ACTIVIDADES SUBACUÁTICAS,,,,
Campeonato Mundial Mayores - Hockey,Campeonato Mundial,23/08/2013,23/08/2013,HUNGRIA,Eger,,FEDERACIÓN COLOMBIANA DE ACTIVIDADES SUBACUÁTICAS,,,,
Campeonato Mundial Juvenil - Hockey,Campeonato Mundial,23/08/2013,23/08/2013,HUNGRIA,Eger,,FEDERACIÓN COLOMBIANA DE ACTIVIDADES SUBACUÁTICAS,,,,
Panamericano -Pesca Submarina,Juegos Panamericanos,10/09/2013,15/09/2013,ESTADOS UNIDOS,Miami,,FEDERACIÓN COLOMBIANA DE ACTIVIDADES SUBACUÁTICAS,,,,
3 Ronda Copa Mundo Orientacion,Copa Mundo,12/09/2013,13/09/2013,CROACIA,Lake Lepenice,,FEDERACIÓN COLOMBIANA DE ACTIVIDADES SUBACUÁTICAS,,,,
4 Ronda Copa Mundo Orientacion,Copa Mundo,19/09/2013,22/09/2013,AUSTRALIA,Bad Saag Woeter,,FEDERACIÓN COLOMBIANA DE ACTIVIDADES SUBACUÁTICAS,,,,
Nacional Interclubes por Categoria,Campeonato Nacional,27/09/2013,30/09/2013,COLOMBIA,San Andrés,San Andrés y Providencia,FEDERACIÓN COLOMBIANA DE ACTIVIDADES SUBACUÁTICAS,,,,
Final Copa Mundo - N.A y L.D,Copa Mundo,28/09/2013,30/09/2013,SUIZA,Geneva,,FEDERACIÓN COLOMBIANA DE ACTIVIDADES SUBACUÁTICAS,,,,
Nacional Interclubes de Velocidad y Universitario,Campeonato Nacional,11/10/2013,14/10/2013,COLOMBIA,Medellín, Antioquia,FEDERACIÓN COLOMBIANA DE ACTIVIDADES SUBACUÁTICAS,,,,
I Parada Nacional Interclubes. Ascenso,Campeonato Nacional,11/10/2013,14/10/2013,COLOMBIA,Cali , Valle del Cauca,FEDERACIÓN COLOMBIANA DE ACTIVIDADES SUBACUÁTICAS,,,,
3 Copa Internacional - N.A y L.D,Copa Mundo,12/10/2013,17/10/2013,CUBA,La Habana,,FEDERACIÓN COLOMBIANA DE ACTIVIDADES SUBACUÁTICAS,,,,
I Parada Nacional Interclubes. Elite,Campeonato Nacional,01/11/2013,04/11/2013,COLOMBIA,Cali , Valle del Cauca,FEDERACIÓN COLOMBIANA DE ACTIVIDADES SUBACUÁTICAS,,,,
Nacional Interclubes,Campeonato Nacional,02/11/2013,04/11/2013,COLOMBIA,Medellín, Antioquia,FEDERACIÓN COLOMBIANA DE ACTIVIDADES SUBACUÁTICAS,,,,
Iberica Copa Abierta- Hockey,Copa Mundo,16/11/2013,17/11/2013,PORTUGAL,Lisboa,,FEDERACIÓN COLOMBIANA DE ACTIVIDADES SUBACUÁTICAS,,,,
Nacional Interclubes Juvenil y Mayores,Campeonato Nacional,06/12/2013,08/12/2013,COLOMBIA,Bogotá D.C. , Bogotá D.C.,FEDERACIÓN COLOMBIANA DE ACTIVIDADES SUBACUÁTICAS,,,,
Campeonato Invitacional,Campeonato Nacional,06/12/2013,08/12/2013,COLOMBIA,Pereira , Risaralda,FEDERACIÓN COLOMBIANA DE ACTIVIDADES SUBACUÁTICAS,,,,
Curso Nacional de Entrenadores Natacion Aletas y Rugby,Evento Académico,06/12/2013,09/12/2013,COLOMBIA,Bogotá D.C. , Bogotá D.C.,FEDERACIÓN COLOMBIANA DE ACTIVIDADES SUBACUÁTICAS,,,,
NACIONAL AMATEUR,Campeonato Nacional,13/03/2013,17/03/2013,COLOMBIA,San Andrés,San Andrés y Providencia,FEDERACIÓN COLOMBIANA DE AJEDREZ,,,,
Mundial Amateur,Juegos Mundiales,21/04/2013,01/05/2013,RUMANIA,Lasi,,FEDERACIÓN COLOMBIANA DE AJEDREZ,,,,
Final Nacional Sub 8 y Sub 14,Campeonato Nacional,26/04/2013,01/05/2013,COLOMBIA,Medellín, Antioquia,FEDERACIÓN COLOMBIANA DE AJEDREZ,,,,
Mundial Escolar Sub 7-17,Juegos Mundiales,06/05/2013,15/05/2013,GRECIA,Halkidiki,,FEDERACIÓN COLOMBIANA DE AJEDREZ,,,,
Continental Absoluto,Campeonato Latinoamericano,07/05/2013,15/05/2013,BOLIVIA,Cochabamba,,FEDERACIÓN COLOMBIANA DE AJEDREZ,,,,
Suramericano Sub-20,Juegos Suramericanos de la Juventud,17/05/2013,23/05/2013,PARAGUAY,Asunción,,FEDERACIÓN COLOMBIANA DE AJEDREZ,,,,
Final Nacional Sub 12 y Sub 18,Campeonato Nacional,29/05/2013,03/06/2013,COLOMBIA,Medellín, Antioquia,FEDERACIÓN COLOMBIANA DE AJEDREZ,,,,
IRT Fonducar Sub 16-Fondo de empleados Docentes Universidad Cartagena,Campeonato Nacional,30/05/2013,03/06/2013,COLOMBIA,Cartagena , Bolívar,FEDERACIÓN COLOMBIANA DE AJEDREZ,,,,
Zonal Americano absoluto 2.3,Open Internacional,31/05/2013,07/06/2013,COSTA RICA,San José,,FEDERACIÓN COLOMBIANA DE AJEDREZ,,,,
Final Nacional Sub 10 y Sub 16,Campeonato Nacional,05/06/2013,10/06/2013,COLOMBIA,Villavicencio , Meta,FEDERACIÓN COLOMBIANA DE AJEDREZ,,,,
Nacional de Mayores (Absoluto y Femenino),Campeonato Nacional,01/07/2013,07/07/2013,COLOMBIA,Ibague , Tolima,FEDERACIÓN COLOMBIANA DE AJEDREZ,,,,
Panamericano Sub 20,Campeonato Panamericano,09/07/2013,14/07/2013,COLOMBIA,Facatativá,Cundinamarca,FEDERACIÓN COLOMBIANA DE AJEDREZ,,,,
Festival Panamericano Sub 8 a Sub 18,Campeonato Panamericano,22/07/2013,29/07/2013,BRASIL,Brasil ,,FEDERACIÓN COLOMBIANA DE AJEDREZ,,,,
Torneo IRT Feria de las Flores,Campeonato Nacional,03/08/2013,07/08/2013,COLOMBIA,Medellín, Antioquia,FEDERACIÓN COLOMBIANA DE AJEDREZ,,,,
Centroamericano y del Caribe Sub 20,Campeonato Centroamericano y del Caribe,08/08/2013,20/08/2013,SALVADOR,San Salvador,,FEDERACIÓN COLOMBIANA DE AJEDREZ,,,,
Festival Mundial de Menores Sub 8 y Sub 18,Campeonato Mundial,17/12/2013,29/12/2013,EMIRATOS ÁRABES,Al Ain,,FEDERACIÓN COLOMBIANA DE AJEDREZ,,,,
CAMPEONATO MULTISITIOS DE AMERICA,Campeonato Nacional,01/01/2013,30/04/2013,COLOMBIA,Bogotá D.C. , Bogotá D.C.,FEDERACIÓN ARQUEROS DE COLOMBIA,,,,
1º RANKING NACIONAL,Campeonato Nacional,22/02/2013,24/02/2013,COLOMBIA,Cali , Valle del Cauca,FEDERACIÓN ARQUEROS DE COLOMBIA,,,,
GRAN PRIX MEXICANO,Grand Prix Internacional,04/03/2013,11/03/2013,MEXICO,Playa del Carmen,,FEDERACIÓN ARQUEROS DE COLOMBIA,,,,
2º RANKING NACIONAL CAMPO,Campeonato Nacional,08/03/2013,10/03/2013,COLOMBIA,Cali , Valle del Cauca,FEDERACIÓN ARQUEROS DE COLOMBIA,,,,
TORNEO DE CAMPO,Campeonato Suramericano,30/03/2013,02/04/2013,ARGENTINA,Claromecó,,FEDERACIÓN ARQUEROS DE COLOMBIA,,,,
Curso de Preparacion Estadísticas IANSEO,Evento Académico,19/04/2013,24/04/2013,REPÚBLICA DOMINICANA,Santo Domingo,,FEDERACIÓN ARQUEROS DE COLOMBIA,,,,
CAPACITACION MONITORES NIVEL II- Formacion de Arqueros,Evento Académico,19/04/2013,26/04/2013,COLOMBIA,Medellín, Antioquia,FEDERACIÓN ARQUEROS DE COLOMBIA,,,,
PRIMERA PARADA REGIONAL DE FORMACION DE ARQUEROS,Evento de Preparacion Deportiva,26/04/2013,30/04/2013,COLOMBIA,Cartagena , Bolívar,FEDERACIÓN ARQUEROS DE COLOMBIA,,,,
CAMPEONATO NACIONAL INTERLIGAS Y CLASIFICATORIO A W G,Campeonato Nacional,26/04/2013,28/04/2013,COLOMBIA,Cartagena , Bolívar,FEDERACIÓN ARQUEROS DE COLOMBIA,,,,
2º PARADA REGIONAL DE FORMAION DE ARQUEROS,Evento de Preparacion Deportiva,06/05/2013,31/05/2013,COLOMBIA,Leticia , Amazonas,FEDERACIÓN ARQUEROS DE COLOMBIA,,,,
1ª COPA MUNDO DE TIRO CON ARCO,Copa Mundo,13/05/2013,19/05/2013,CHINA,Shangai,,FEDERACIÓN ARQUEROS DE COLOMBIA,,,,
4ª COPA FUNDACION EASTON,Campeonato Mundial,31/05/2013,03/06/2013,ESTADOS UNIDOS,Los Angeles,,FEDERACIÓN ARQUEROS DE COLOMBIA,,,,
3ª PARADA REGIONAL DE FORMACION DE ARQUEROS,Evento de Preparacion Deportiva,04/06/2013,28/06/2013,COLOMBIA,Manizales , Caldas,FEDERACIÓN ARQUEROS DE COLOMBIA,,,,
CURSO DE ENTRENADORES MODALIDAD COMPUESTO,Evento Académico,10/06/2013,16/06/2013,COLOMBIA,Cali , Valle del Cauca,FEDERACIÓN ARQUEROS DE COLOMBIA,,,,
2 COPA MUNDO DE TIRO CON ARCO,Copa Mundo,10/06/2013,16/06/2013,TURQUIA,Antalya,,FEDERACIÓN ARQUEROS DE COLOMBIA,,,,
4º CAMPEONATO NACIONAL INTERLIGAS,Campeonato Nacional,28/06/2013,01/07/2013,COLOMBIA,Medellín, Antioquia,FEDERACIÓN ARQUEROS DE COLOMBIA,,,,
4 PARADA REGIONAL DE FORMACION DE ARQUEROS,Evento de Preparacion Deportiva,02/07/2013,26/07/2013,COLOMBIA,Yopal , Casanare,FEDERACIÓN ARQUEROS DE COLOMBIA,,,,
CURSO DE JUECES,Evento Académico,11/07/2013,14/07/2013,COLOMBIA,Medellín, Antioquia,FEDERACIÓN ARQUEROS DE COLOMBIA,,,,
3 COPA MUNDO DE TIRO CON ARCO,Copa Mundo,15/07/2013,21/07/2013,COLOMBIA,Medellín, Antioquia,FEDERACIÓN ARQUEROS DE COLOMBIA,,,,
JUEGOS MUNDIALES CALI 2013,Juegos Mundiales,25/07/2013,04/08/2013,COLOMBIA,Cali,Valle del Cauca,FEDERACIÓN ARQUEROS DE COLOMBIA,,,,
5 PARADA REGIONAL DE TIRO CON ARCO,Evento de Preparacion Deportiva,05/08/2013,30/08/2013,COLOMBIA,Monteria , Córdoba,FEDERACIÓN ARQUEROS DE COLOMBIA,,,,
4 COPA MUNDO DE TRIO CON ARCO,Copa Mundo,12/08/2013,18/08/2013,POLONIA,Woroclaw,,FEDERACIÓN ARQUEROS DE COLOMBIA,,,,
CURSO DE ENTRENADORES MODALIDAD RECURVO,Evento Académico,12/08/2013,15/08/2013,COLOMBIA,Bogotá D.C. , Bogotá D.C.,FEDERACIÓN ARQUEROS DE COLOMBIA,,,,
CURSO DE ENTRENADORES MODALIDAD RECURVO,Evento Académico,12/08/2013,15/08/2013,COLOMBIA,Bogotá D.C. , Bogotá D.C.,FEDERACIÓN ARQUEROS DE COLOMBIA,,,,
5º CAMPEONATO NACIONAL INTERLIGAS,Campeonato Nacional,16/08/2013,18/08/2013,COLOMBIA,Bogotá D.C. , Bogotá D.C.,FEDERACIÓN ARQUEROS DE COLOMBIA,,,,
RANKING MUNDIAL,Campeonato Centroamericano y del Caribe,17/08/2013,25/08/2013,COSTA RICA,San José,,FEDERACIÓN ARQUEROS DE COLOMBIA,,,,
6 PARADA REGIONAL DE FORMACION DE ARQUEROS,Evento de Preparacion Deportiva,02/09/2013,27/09/2013,COLOMBIA,Soacha,Cundinamarca,FEDERACIÓN ARQUEROS DE COLOMBIA,,,,
World Archery Championships,Campeonato Mundial,29/09/2013,06/10/2013,TURQUIA,Antalya,,FEDERACIÓN ARQUEROS DE COLOMBIA,,,,
7ª PARADA REGIONAL DE FORMACION DE ARQUEROS,Evento de Preparacion Deportiva,07/10/2013,28/10/2013,COLOMBIA,Villavicencio , Meta,FEDERACIÓN ARQUEROS DE COLOMBIA,,,,
WORLD ARCHERY YOUNTH CHAMPIONSHIPS,Campeonato Mundial,13/10/2013,20/10/2013,CHINA,Wuxi,,FEDERACIÓN ARQUEROS DE COLOMBIA,,,,
TORNEO RANKING MUNDIAL,Campeonato Mundial,25/10/2013,02/11/2013,CHILE,Santiago de Chile,,FEDERACIÓN ARQUEROS DE COLOMBIA,,,,
III TORNEO RANKING MUNDIAL,Campeonato Suramericano,25/10/2013,02/11/2013,CHILE,Santiago de Chile,,FEDERACIÓN ARQUEROS DE COLOMBIA,,,,
EVENTO CLASIFICATORIO A LOS JUEGOS OLIMPICOS JUVENILES 2014,Clasificatorio al Mundial,01/11/2013,30/11/2013,ARGENTINA,Buenos Aires,,FEDERACIÓN ARQUEROS DE COLOMBIA,,,,
8ª PARADA REGIONAL DE FORMACION DE ARQUEROS,Evento de Preparacion Deportiva,04/11/2013,15/11/2013,COLOMBIA,Bucaramanga , Santander,FEDERACIÓN ARQUEROS DE COLOMBIA,,,,
XVII JUEGOS BOLIVARIANOS,Juegos Bolivarianos,16/11/2013,30/11/2013,PERU,Trujillo,,FEDERACIÓN ARQUEROS DE COLOMBIA,,,,
III CAMPEONATO ESCOLAR DE TIRO CON ARCO,Campeonato Nacional,28/11/2013,01/12/2013,COLOMBIA,Bogotá D.C. , Bogotá D.C.,FEDERACIÓN ARQUEROS DE COLOMBIA,,,,
COPA ARGENTINA DE CADETES Y JUVENILES CLASIFICATORIO A LOS J. OLIMPICOS DE LA JUVENTID 2014,Campeonato Suramericano,02/12/2013,06/12/2013,ARGENTINA,Buenos Aires,,FEDERACIÓN ARQUEROS DE COLOMBIA,,,,
CAMPEONATO NACIONAL ABIERTO,Campeonato Nacional,05/12/2013,08/12/2013,COLOMBIA,Bogotá D.C. , Bogotá D.C.,FEDERACIÓN ARQUEROS DE COLOMBIA,,,,
COPA NACIONAL DE MARCHA,Campeonato Nacional,13/04/2013,13/04/2013,COLOMBIA,Bogotá D.C. , Bogotá D.C.,FEDERACIÓN COLOMBIANA DE ATLETISMO,,,,
COPA NACIONAL DE LANZAMIENTOS MANUEL PASOS LOPEZ,Campeonato Nacional,27/04/2013,28/04/2013,COLOMBIA,Bogotá D.C. , Bogotá D.C.,FEDERACIÓN COLOMBIANA DE ATLETISMO,,,,
CAMPEONATO NACIONAL INFANTIL CATEGORÍA A,Campeonato Nacional,04/05/2013,05/05/2013,COLOMBIA,Turbo , Antioquia,FEDERACIÓN COLOMBIANA DE ATLETISMO,,,,
CAMPEONATO NACIONAL MENORES,Campeonato Nacional,17/05/2013,19/05/2013,COLOMBIA,Cali , Valle del Cauca,FEDERACIÓN COLOMBIANA DE ATLETISMO,,,,
COPA PANAMERICANA DE MARCHA ATLETICA,Campeonato Panamericano,25/05/2013,26/05/2013,GUATEMALA,Guatemala ,,FEDERACIÓN COLOMBIANA DE ATLETISMO,,,,
GRAND PRIX INTERNACIONAL XIMENA RESTREPO,Grand Prix Internacional,25/05/2013,25/05/2013,COLOMBIA,Medellín, Antioquia,FEDERACIÓN COLOMBIANA DE ATLETISMO,,,,
FESTIVAL DE SEMIFONDO Y FONDO,Torneo Abierto,26/05/2013,26/05/2013,COLOMBIA,Medellín, Antioquia,FEDERACIÓN COLOMBIANA DE ATLETISMO,,,,
CAMPEONATO NACIONAL MAYORES,Campeonato Nacional,07/06/2013,09/06/2013,COLOMBIA,Cartagena , Bolívar,FEDERACIÓN COLOMBIANA DE ATLETISMO,,,,
GRAND PRIX INTERNACIONAL ESCUELA NACIONAL DEL DEPORTE,Grand Prix Internacional,22/06/2013,22/06/2013,COLOMBIA,Cali,Valle del Cauca,FEDERACIÓN COLOMBIANA DE ATLETISMO,,,,
FESTIVAL DE SEMIFONDO Y FONDO,Torneo Abierto,23/06/2013,23/06/2013,COLOMBIA,Cali , Valle del Cauca,FEDERACIÓN COLOMBIANA DE ATLETISMO,,,,
CAMPEONATO NACIONAL EN MONTAÑA,Campeonato Nacional,30/06/2013,30/06/2013,COLOMBIA,Medellín, Antioquia,FEDERACIÓN COLOMBIANA DE ATLETISMO,,,,
CAMPEONATO SURAMERICANO MAYORES,Campeonato Suramericano,05/07/2013,07/07/2013,COLOMBIA,Cartagena,Bolívar,FEDERACIÓN COLOMBIANA DE ATLETISMO,,,,
CAMPEONATO MUNDIAL MENORES,Campeonato Mundial,10/07/2013,14/07/2013,UCRANIA,Donets,,FEDERACIÓN COLOMBIANA DE ATLETISMO,,,,
CAMPEONATO NACIONAL JUVENIL,Campeonato Nacional,12/07/2013,14/07/2013,COLOMBIA,Medellín, Antioquia,FEDERACIÓN COLOMBIANA DE ATLETISMO,,,,
GRAND PRIX INTERNACIONAL IDRD,Grand Prix Internacional,20/07/2013,20/07/2013,COLOMBIA,Bogotá D.C. , Bogotá D.C.,FEDERACIÓN COLOMBIANA DE ATLETISMO,,,,
FESTIVAL DE SEMIFONDO Y FONDO,Torneo Abierto,21/07/2013,21/07/2013,COLOMBIA,Bogotá D.C. , Bogotá D.C.,FEDERACIÓN COLOMBIANA DE ATLETISMO,,,,
CAMPEONATO PANAMERICANO JUVENIL,Campeonato Panamericano,02/08/2013,04/08/2013,PERU,Lima,,FEDERACIÓN COLOMBIANA DE ATLETISMO,,,,
CAMPEONATO MUNDIAL DE ATLETISMO,Campeonato Mundial,10/08/2013,18/08/2013,RUSIA,Moscú,,FEDERACIÓN COLOMBIANA DE ATLETISMO,,,,
CAMPEONATO NACIONAL INFANTIL CATEGORIA B,Campeonato Nacional,07/09/2013,08/09/2013,COLOMBIA,Santander De Quilichao , Cauca,FEDERACIÓN COLOMBIANA DE ATLETISMO,,,,
CAMPEONATO MUNDIAL DE MONTAÑA,Campeonato Mundial,08/09/2013,08/09/2013,POLONIA,Krynica Zdroj,,FEDERACIÓN COLOMBIANA DE ATLETISMO,,,,
CAMPEONATO NACIONAL MUNICIPAL Y DE CLUBES,Campeonato Nacional,28/09/2013,29/09/2013,COLOMBIA,Bogotá D.C. , Bogotá D.C.,FEDERACIÓN COLOMBIANA DE ATLETISMO,,,,
CAMPEONATO NACIONAL MUNICIPAL Y DE CLUBES,Campeonato Nacional,05/10/2013,06/10/2013,COLOMBIA,Medellín, Antioquia,FEDERACIÓN COLOMBIANA DE ATLETISMO,,,,
CAMPEONATO SURAMERICANO DE MARATON,Campeonato Suramericano,06/10/2013,06/10/2013,ARGENTINA,Buenos Aires,,FEDERACIÓN COLOMBIANA DE ATLETISMO,,,,
CAMPEONATO SURAMERICANO JUVENIL,Campeonato Suramericano,18/10/2013,20/10/2013,ARGENTINA,Resistencia,,FEDERACIÓN COLOMBIANA DE ATLETISMO,,,,
Campeonato de Automovilismo,Campeonato Nacional,03/05/2013,05/05/2013,COLOMBIA,Tocancipa , Cundinamarca,FEDERACIÓN COLOMBIANA DE AUTOMOVILISMO DEPORTIVO,,,,
Campeonato de TC2000,Campeonato Nacional,05/05/2013,05/05/2013,COLOMBIA,Tocancipa , Cundinamarca,FEDERACIÓN COLOMBIANA DE AUTOMOVILISMO DEPORTIVO,,,,
Copa Naspal Rally Colombia,Campeonato Nacional,05/05/2013,05/05/2013,COLOMBIA,Bojaca , Cundinamarca,FEDERACIÓN COLOMBIANA DE AUTOMOVILISMO DEPORTIVO,,,,
Campeonato Nacional de Automovilismo,Campeonato Nacional,25/05/2013,26/05/2013,COLOMBIA,Tocancipa , Cundinamarca,FEDERACIÓN COLOMBIANA DE AUTOMOVILISMO DEPORTIVO,,,,
Campeonato Colombiano de Rally,Campeonato Nacional,01/06/2013,01/06/2013,COLOMBIA,Pasto , Nariño,FEDERACIÓN COLOMBIANA DE AUTOMOVILISMO DEPORTIVO,,,,
Copa Naspal Rally Colombia,Campeonato Nacional,01/06/2013,01/06/2013,COLOMBIA,Bojaca , Cundinamarca,FEDERACIÓN COLOMBIANA DE AUTOMOVILISMO DEPORTIVO,,,,
Campeonato TC2000,Campeonato Nacional,15/06/2013,15/06/2013,COLOMBIA,Tocancipa , Cundinamarca,FEDERACIÓN COLOMBIANA DE AUTOMOVILISMO DEPORTIVO,,,,
Copa Mac,Campeonato Nacional,15/06/2013,16/06/2013,COLOMBIA,Candelaria , Valle del Cauca,FEDERACIÓN COLOMBIANA DE AUTOMOVILISMO DEPORTIVO,,,,
Campeoanto Nacional de Camper Cross,Campeonato Nacional,16/06/2013,16/06/2013,COLOMBIA,Tocancipa , Cundinamarca,FEDERACIÓN COLOMBIANA DE AUTOMOVILISMO DEPORTIVO,,,,
Campaonato Nacional de Piques cuarto de Milla,Campeonato Nacional,16/06/2013,16/06/2013,COLOMBIA,Tocancipa , Cundinamarca,FEDERACIÓN COLOMBIANA DE AUTOMOVILISMO DEPORTIVO,,,,
Copa Naspal Rally Colombia,Campeonato Nacional,30/06/2013,30/06/2013,COLOMBIA,Susacon , Boyacá,FEDERACIÓN COLOMBIANA DE AUTOMOVILISMO DEPORTIVO,,,,
Campaonato Nacional de Trial,Campeonato Nacional,30/06/2013,30/06/2013,COLOMBIA,Guatavita , Cundinamarca,FEDERACIÓN COLOMBIANA DE AUTOMOVILISMO DEPORTIVO,,,,
Campaonato Nacional de Automovilismo,Campeonato Nacional,06/07/2013,07/07/2013,COLOMBIA,Tocancipa , Cundinamarca,FEDERACIÓN COLOMBIANA DE AUTOMOVILISMO DEPORTIVO,,,,
Campaonato Colombiano de Rally,Campeonato Nacional,12/07/2013,13/07/2013,COLOMBIA,Puerto Lopez , Meta,FEDERACIÓN COLOMBIANA DE AUTOMOVILISMO DEPORTIVO,,,,
XXVI Gran Premio Nacional de Tractomulas,Campeonato Nacional,12/07/2013,14/07/2013,COLOMBIA,Tocancipa , Cundinamarca,FEDERACIÓN COLOMBIANA DE AUTOMOVILISMO DEPORTIVO,,,,
Campaonato TC2000,Campeonato Nacional,21/07/2013,21/07/2013,COLOMBIA,Tocancipa , Cundinamarca,FEDERACIÓN COLOMBIANA DE AUTOMOVILISMO DEPORTIVO,,,,
Copa Colombia,Campeonato Nacional,27/07/2013,28/07/2013,COLOMBIA,Rionegro , Antioquia,FEDERACIÓN COLOMBIANA DE AUTOMOVILISMO DEPORTIVO,,,,
Campeonato Nacional de Camper Cross,Campeonato Nacional,28/07/2013,28/07/2013,COLOMBIA,Tocancipa , Cundinamarca,FEDERACIÓN COLOMBIANA DE AUTOMOVILISMO DEPORTIVO,,,,
Campaonato Nacional de Piques Cuarto de Milla,Campeonato Nacional,28/07/2013,28/07/2013,COLOMBIA,Tocancipa , Cundinamarca,FEDERACIÓN COLOMBIANA DE AUTOMOVILISMO DEPORTIVO,,,,
Copa Naspal Rally Colombia,Campeonato Nacional,03/08/2013,03/08/2013,COLOMBIA,Susa , Cundinamarca,FEDERACIÓN COLOMBIANA DE AUTOMOVILISMO DEPORTIVO,,,,
Campeonato Nacional de Trial,Campeonato Nacional,11/08/2013,11/08/2013,COLOMBIA,Guatavita , Cundinamarca,FEDERACIÓN COLOMBIANA DE AUTOMOVILISMO DEPORTIVO,,,,
Campeonato TC2000,Campeonato Nacional,18/08/2013,18/08/2013,COLOMBIA,Tocancipa , Cundinamarca,FEDERACIÓN COLOMBIANA DE AUTOMOVILISMO DEPORTIVO,,,,
Campeoanto Colombiano de Rally,Campeonato Nacional,30/08/2013,01/09/2013,COLOMBIA,Rionegro , Antioquia,FEDERACIÓN COLOMBIANA DE AUTOMOVILISMO DEPORTIVO,,,,
Campeonato Nacional de Automovilismo,Campeonato Nacional,31/08/2013,01/09/2013,COLOMBIA,Tocancipa , Cundinamarca,FEDERACIÓN COLOMBIANA DE AUTOMOVILISMO DEPORTIVO,,,,
Campeonato Nacional de Camper Croos,Campeonato Nacional,08/09/2013,08/09/2013,COLOMBIA,Tocancipa , Cundinamarca,FEDERACIÓN COLOMBIANA DE AUTOMOVILISMO DEPORTIVO,,,,
Campeonato Nacional de Piques cuerto de Milla,Campeonato Nacional,08/09/2013,08/09/2013,COLOMBIA,Tocancipa , Cundinamarca,FEDERACIÓN COLOMBIANA DE AUTOMOVILISMO DEPORTIVO,,,,
Copa Naspal Rally Colombia,Campeonato Nacional,14/09/2013,14/09/2013,COLOMBIA,Puerto Lopez , Meta,FEDERACIÓN COLOMBIANA DE AUTOMOVILISMO DEPORTIVO,,,,
Copa Mac,Campeonato Nacional,21/09/2013,22/09/2013,COLOMBIA,Candelaria , Valle del Cauca,FEDERACIÓN COLOMBIANA DE AUTOMOVILISMO DEPORTIVO,,,,
Campeonato Nacional de Trial,Campeonato Nacional,22/09/2013,22/09/2013,COLOMBIA,Guatavita , Cundinamarca,FEDERACIÓN COLOMBIANA DE AUTOMOVILISMO DEPORTIVO,,,,
Campeonato TC2000,Campeonato Nacional,29/09/2013,29/09/2013,COLOMBIA,Tocancipa , Cundinamarca,FEDERACIÓN COLOMBIANA DE AUTOMOVILISMO DEPORTIVO,,,,
Campeonato Colombiano de Rally,Campeonato Nacional,04/10/2013,06/10/2013,COLOMBIA,Garzon , Huila,FEDERACIÓN COLOMBIANA DE AUTOMOVILISMO DEPORTIVO,,,,
Campeonato TC2000,Campeonato Nacional,20/10/2013,20/10/2013,COLOMBIA,Tocancipa , Cundinamarca,FEDERACIÓN COLOMBIANA DE AUTOMOVILISMO DEPORTIVO,,,,
Copa Naspal Rally Colombia,Campeonato Nacional,26/10/2013,26/10/2013,COLOMBIA,Sopo , Cundinamarca,FEDERACIÓN COLOMBIANA DE AUTOMOVILISMO DEPORTIVO,,,,
Campeonato Nacional de Automovilismo,Campeonato Nacional,26/10/2013,27/10/2013,COLOMBIA,Tocancipa , Cundinamarca,FEDERACIÓN COLOMBIANA DE AUTOMOVILISMO DEPORTIVO,,,,
Copa Colombia,Campeonato Nacional,27/10/2013,27/10/2013,COLOMBIA,Medellín, Antioquia,FEDERACIÓN COLOMBIANA DE AUTOMOVILISMO DEPORTIVO,,,,
Campeonato Nacional de Trial,Campeonato Nacional,27/10/2013,27/10/2013,COLOMBIA,Guatavita , Cundinamarca,FEDERACIÓN COLOMBIANA DE AUTOMOVILISMO DEPORTIVO,,,,
Campeonato Nacional de Camper Cross,Campeonato Nacional,24/11/2013,24/11/2013,COLOMBIA,Tocancipa , Cundinamarca,FEDERACIÓN COLOMBIANA DE AUTOMOVILISMO DEPORTIVO,,,,
Campeonato Nacional de Piques cuarto de Milla,Campeonato Nacional,24/11/2013,24/11/2013,COLOMBIA,Tocancipa , Cundinamarca,FEDERACIÓN COLOMBIANA DE AUTOMOVILISMO DEPORTIVO,,,,
Campeonato TC2000,Campeonato Nacional,24/11/2013,24/11/2013,COLOMBIA,Tocancipa , Cundinamarca,FEDERACIÓN COLOMBIANA DE AUTOMOVILISMO DEPORTIVO,,,,
Copa Naspal Rally Colombia,Campeonato Nacional,30/11/2013,30/11/2013,COLOMBIA,Susa , Cundinamarca,FEDERACIÓN COLOMBIANA DE AUTOMOVILISMO DEPORTIVO,,,,
Copa Mac,Campeonato Nacional,30/11/2013,01/12/2013,COLOMBIA,Candelaria , Valle del Cauca,FEDERACIÓN COLOMBIANA DE AUTOMOVILISMO DEPORTIVO,,,,
6 Horas de Bogota,Campeonato Nacional,07/12/2013,08/12/2013,COLOMBIA,Tocancipa , Cundinamarca,FEDERACIÓN COLOMBIANA DE AUTOMOVILISMO DEPORTIVO,,,,
I Valida Liga Nacional,Campeonato Nacional,22/03/2013,24/03/2013,COLOMBIA,Cajica , Cundinamarca,FEDERACIÓN COLOMBIANA DE BÁDMINTON,,,,
XVIII PERÚ INTERNACIONAL 2013,Concentracion Internacional,10/04/2013,14/04/2013,PERU,Lima,,FEDERACIÓN COLOMBIANA DE BÁDMINTON,,,,
III Valida Nacional,Campeonato Nacional,12/04/2013,14/04/2013,COLOMBIA,Popayan , Cauca,FEDERACIÓN COLOMBIANA DE BÁDMINTON,,,,
CAPACITACIÓN EN JUZGAMIENTO,Concentración Nacional,15/04/2013,15/04/2013,COLOMBIA,Circasia , Quindío,FEDERACIÓN COLOMBIANA DE BÁDMINTON,,,,
CAMPAMENTO DE TALENTOS,Concentración Nacional,16/04/2013,18/04/2013,COLOMBIA,Circasia , Quindío,FEDERACIÓN COLOMBIANA DE BÁDMINTON,,,,
II Valida Nacional,Campeonato Nacional,17/04/2013,19/04/2013,COLOMBIA,Circasia , Quindío,FEDERACIÓN COLOMBIANA DE BÁDMINTON,,,,
I Valida Liga Nacional,Campeonato Nacional,19/04/2013,21/04/2013,COLOMBIA,Armenia , Quindío,FEDERACIÓN COLOMBIANA DE BÁDMINTON,,,,
CAPACITACIÓN ENTRENADORES INTERNACIONAL,Concentracion Internacional,29/04/2013,29/04/2013,PERU,Perú,,FEDERACIÓN COLOMBIANA DE BÁDMINTON,,,,
CAPACITACIÓN ENTRENADORES INTERNACIONAL,Concentracion Internacional,29/04/2013,29/04/2013,GUATEMALA,Guatemala ,,FEDERACIÓN COLOMBIANA DE BÁDMINTON,,,,
CAPACITACIÓN ENTRENADORES INTERNACIONAL,Concentracion Internacional,29/04/2013,29/04/2013,BRASIL,Brasil ,,FEDERACIÓN COLOMBIANA DE BÁDMINTON,,,,
CAPACITACIÓN ENTRENADORES INTERNACIONAL,Concentracion Internacional,29/04/2013,29/04/2013,ESPAÑA,España ,,FEDERACIÓN COLOMBIANA DE BÁDMINTON,,,,
CAPACITACIÓN ORGANIZACIÓN DE CAMPEONATOS TOURNAMENT SOFTWARE,Concentración Nacional,30/04/2013,30/04/2013,COLOMBIA,Armenia , Quindío,FEDERACIÓN COLOMBIANA DE BÁDMINTON,,,,
SISTEMA NACIONAL DE ACREDITACIÓN Y CAPACITACIÓN DE ENTRENADORES FCB,Concentración Nacional,02/05/2013,02/05/2013,COLOMBIA,Circasia , Quindío,FEDERACIÓN COLOMBIANA DE BÁDMINTON,,,,
CAPACITACIÓN ADMINISTRACIÓN DEPORTIVA LIGAS Y CLUBES,Concentración Nacional,24/05/2013,24/05/2013,COLOMBIA,Circasia , Quindío,FEDERACIÓN COLOMBIANA DE BÁDMINTON,,,,
ARGENTINA INTERNACIONAL 2013,Concentracion Internacional,06/06/2013,09/06/2013,ARGENTINA,Buenos Aires,,FEDERACIÓN COLOMBIANA DE BÁDMINTON,,,,
CAMPAMENTO DE TALENTOS,Concentración Nacional,18/06/2013,20/06/2013,COLOMBIA,Antioquia ,Antioquia,FEDERACIÓN COLOMBIANA DE BÁDMINTON,,,,
II Valida Nacional,Campeonato Nacional,21/06/2013,23/06/2013,COLOMBIA,Medellín, Antioquia,FEDERACIÓN COLOMBIANA DE BÁDMINTON,,,,
XXII PAM AM JUNIOR TEAM EVENT,Concentracion Internacional,21/06/2013,23/06/2013,MEXICO,Puerto Vallarta,,FEDERACIÓN COLOMBIANA DE BÁDMINTON,,,,
LIGA NACIONAL DE ESPAÑA,Concentracion Internacional,23/06/2013,14/07/2013,ESPAÑA,Madrid,,FEDERACIÓN COLOMBIANA DE BÁDMINTON,,,,
XXII PAM AM JUNIOR INDIVIDUAL EVENT,Concentracion Internacional,24/06/2013,28/06/2013,MEXICO,Puerto Vallarta,,FEDERACIÓN COLOMBIANA DE BÁDMINTON,,,,
“IV COLOMBIA INTERNACIONAL”,Concentración Nacional,16/08/2013,18/08/2013,COLOMBIA,Bogotá D.C. , Bogotá D.C.,FEDERACIÓN COLOMBIANA DE BÁDMINTON,,,,
CAMPAMENTO DE TALENTOS,Concentración Nacional,16/08/2013,18/08/2013,COLOMBIA,Chía, Cundinamarca,FEDERACIÓN COLOMBIANA DE BÁDMINTON,,,,
GUATEMALA INTERNACIONAL SERIES,Concentracion Internacional,05/09/2013,08/09/2013,GUATEMALA,Guatemala ,,FEDERACIÓN COLOMBIANA DE BÁDMINTON,,,,
I JUEGOS SURAMERICANOS DE LA JUVENTUD,Juegos Suramericanos,14/09/2013,30/09/2013,PERU,Lima,,FEDERACIÓN COLOMBIANA DE BÁDMINTON,,,,
III Valida Liga Nacional,Campeonato Nacional,21/09/2013,23/09/2013,COLOMBIA,Tunja , Boyacá,FEDERACIÓN COLOMBIANA DE BÁDMINTON,,,,
XXVIII BRAZIL INTERNACIONAL 2013,Concentracion Internacional,02/10/2013,06/10/2013,BRASIL,Sao Paulo,,FEDERACIÓN COLOMBIANA DE BÁDMINTON,,,,
CAMPAMENTO DE TALENTOS,Concentración Nacional,09/10/2013,11/10/2013,COLOMBIA,Popayan , Cauca,FEDERACIÓN COLOMBIANA DE BÁDMINTON,,,,
CAMPAMENTO DE TALENTOS,Concentración Nacional,15/10/2013,17/10/2013,COLOMBIA,Bogotá D.C. , Bogotá D.C.,FEDERACIÓN COLOMBIANA DE BÁDMINTON,,,,
IV Valida Liga Nacional,Campeonato Nacional,18/10/2013,20/10/2013,COLOMBIA,Bogotá D.C. , Bogotá D.C.,FEDERACIÓN COLOMBIANA DE BÁDMINTON,,,,
Campeonato Nacional Junior,Campeonato Nacional,08/11/2013,10/11/2013,COLOMBIA,Cartago , Valle del Cauca,FEDERACIÓN COLOMBIANA DE BÁDMINTON,,,,
XVII JUEGOS DEPORTIVOS BOLIVARIANOS,Juegos Bolivarianos,16/11/2013,30/11/2013,PERU,Trujillo,,FEDERACIÓN COLOMBIANA DE BÁDMINTON,,,,
Copa Sir Arthur Smithyes,Campeonato Nacional,12/12/2013,14/12/2013,COLOMBIA,Popayan , Cauca,FEDERACIÓN COLOMBIANA DE BÁDMINTON,,,,
SISTEMA NACIONAL DE ACREDITACIÓN Y CAPACITACIÓN DE ENTRENADORES FCB,Concentración Nacional,12/12/2013,12/12/2013,COLOMBIA,Popayan , Cauca,FEDERACIÓN COLOMBIANA DE BÁDMINTON,,,,
COPA INVITACIONAL FCB,Campeonato Nacional,01/02/2013,30/11/2013,COLOMBIA,Bogotá D.C. , Bogotá D.C.,FEDERACIÓN COLOMBIANA DE BALONCESTO,,,,
INTERLIGAS CLUBES SSUB-20 FEMENINO,Campeonato Nacional,17/05/2013,24/05/2013,COLOMBIA,Cartago , Valle del Cauca,FEDERACIÓN COLOMBIANA DE BALONCESTO,,,,
INTERLIGAS CLUBES SUB-20 MASCULINO,Campeonato Nacional,24/05/2013,01/06/2013,COLOMBIA,Cartago , Valle del Cauca,FEDERACIÓN COLOMBIANA DE BALONCESTO,,,,
INTERLIGAS CLUBES SUB-23 FEMENINO,Campeonato Nacional,01/06/2013,08/06/2013,COLOMBIA,Medellín, Antioquia,FEDERACIÓN COLOMBIANA DE BALONCESTO,,,,
SURAMERICANO MAYORES FEMENINO,Juegos Suramericanos,03/06/2013,10/06/2013,CHILE,Pendiente,,FEDERACIÓN COLOMBIANA DE BALONCESTO,,,,
CLINICA DE ENTRENADORES II NIVEL,Evento Académico,06/06/2013,09/06/2013,COLOMBIA,Cali , Valle del Cauca,FEDERACIÓN COLOMBIANA DE BALONCESTO,,,,
INTERLIGAS CLUBES SUB-17 MASCULINO,Campeonato Nacional,21/06/2013,28/06/2013,COLOMBIA,Riohacha , La Guajira,FEDERACIÓN COLOMBIANA DE BALONCESTO,,,,
INTERLIGAS CLUBES MAORES FEMENINO,Juegos Nacionales,28/06/2013,06/07/2013,COLOMBIA,Medellín, Antioquia,FEDERACIÓN COLOMBIANA DE BALONCESTO,,,,
CLINICA DE ARBITROS FIBA AMERICAS,Evento Académico,12/07/2013,15/07/2013,COLOMBIA,Bogotá D.C. , Bogotá D.C.,FEDERACIÓN COLOMBIANA DE BALONCESTO,,,,
SURAMERICANO DE CLUBES MAYORES FEMENINO,Juegos Suramericanos,21/07/2013,27/07/2013,ARGENTINA,Mendoza,,FEDERACIÓN COLOMBIANA DE BALONCESTO,,,,
INTERLIGAS CLUBES SUB-23 MASCULINO,Campeonato Nacional,26/07/2013,03/08/2013,COLOMBIA,San Andrés,San Andrés y Providencia,FEDERACIÓN COLOMBIANA DE BALONCESTO,,,,
SURAMERICANO SUB-17 MASCULINO,Juegos Suramericanos,05/08/2013,10/08/2013,URUGUAY,Sin Definir,,FEDERACIÓN COLOMBIANA DE BALONCESTO,,,,
PREMUNDIAL MAYORES MASCULINO,Clasificatorio al Mundial,30/08/2013,11/09/2013,VENEZUELA,Caracas,,FEDERACIÓN COLOMBIANA DE BALONCESTO,,,,
INTERLIGAS CLUBES SUB-17 FEMENINO,Campeonato Nacional,30/08/2013,07/09/2013,COLOMBIA,Pasto , Nariño,FEDERACIÓN COLOMBIANA DE BALONCESTO,,,,
SURAMERICANO SUB-17 FEMENINO;Juegos Suramericanos;09/09/2013;15/09/2013;NO DEFINIDO;Sin Definir;;FEDERACIÓN COLOMBIANA DE BALONCESTO;;;;
INTERLIGAS SUB-15 MASCULINO;Campeonato Nacional;13/09/2013;21/09/2013;COLOMBIA;Santa Marta ; Magdalena;FEDERACIÓN COLOMBIANA DE BALONCESTO;;;;
PREMUNDIAL MAYORS FEMENINO;Clasificatorio al Mundial;23/09/2013;29/09/2013;NO DEFINIDO;Sin Definir;;FEDERACIÓN COLOMBIANA DE BALONCESTO;;;;
INTERLIGAS SUB-15 FEMENINO;Campeonato Nacional;05/10/2013;13/10/2013;COLOMBIA;Bucaramanga ; Santander;FEDERACIÓN COLOMBIANA DE BALONCESTO;;;;
MINI-BALONCESTO AMBAS RMAS;Campeonato Nacional;11/10/2013;14/10/2013;COLOMBIA;Cali ; Valle del Cauca;FEDERACIÓN COLOMBIANA DE BALONCESTO;;;;
LIGA SURAMERICANA MAYORES DE CLUBES;Juegos Suramericanos;12/10/2013;19/10/2013;NO DEFINIDO;Sin Definir;;FEDERACIÓN COLOMBIANA DE BALONCESTO;;;;
SURAMERICANO SUB-15 MASCULINO;Juegos Suramericanos;14/10/2013;20/10/2013;ECUADOR;Sin definir;;FEDERACIÓN COLOMBIANA DE BALONCESTO;;;;
JUEGOS BOLIVARIANOS AMBAS RAMAS;Juegos Bolivarianos;04/11/2013;12/11/2013;COLOMBIA;Cúcuta;Norte de Santander;FEDERACIÓN COLOMBIANA DE BALONCESTO;;;;
PASARELLA AMBAS RAMA;Campeonato Nacional;07/11/2013;11/11/2013;COLOMBIA;Popayan ; Cauca;FEDERACIÓN COLOMBIANA DE BALONCESTO;;;;
SURAMERICANO SUB-15 FEMENINO;Juegos Suramericanos;18/11/2013;24/11/2013;NO DEFINIDO;Sin Definir;;FEDERACIÓN COLOMBIANA DE BALONCESTO;;;;
INTERLIGAS INFANTIL MASCULINO;Campeonato Nacional;29/11/2013;07/12/2013;COLOMBIA;Neiva ; Huila;FEDERACIÓN COLOMBIANA DE BALONCESTO;;;;
INTERLIGAS INFANTIL FEMENINO;Juegos Paralimpicos de Verano;29/11/2013;07/12/2013;COLOMBIA;Cúcuta;Norte de Santander;FEDERACIÓN COLOMBIANA DE BALONCESTO;;;;
EVENTO INVITACIONAL;Open Internacional;20/03/2013;27/03/2013;REPÚBLICA DOMINICANA;Bocachica;;FEDERACION COLOMBIANA DE BEISBOL;;;;
MUNDIAL DE CRIOLLITOS;Open Internacional;22/03/2013;29/03/2013;VENEZUELA;Caracas;;FEDERACION COLOMBIANA DE BEISBOL;;;;
SEMINARIO PARA ARBITROS; ANOTADORES Y COMPLILADORES,Evento Académico,01/04/2013,06/04/2013,COLOMBIA,Cartagena , Bolívar,FEDERACION COLOMBIANA DE BEISBOL,,,,
SEMINARIO PARA ARBITROS; DIRIGENTES,Evento Académico,15/04/2013,20/04/2013,COLOMBIA,Acandi , Chocó,FEDERACION COLOMBIANA DE BEISBOL,,,,
SEMINIARIO DE TECNICOS; ARBITROS DE BEISBOL,Evento Académico,13/05/2013,18/05/2013,CURAZAO,Curazao,,FEDERACION COLOMBIANA DE BEISBOL,,,,
CAMPEONATO NACIONAL SUB-18,Campeonato Nacional,30/05/2013,08/06/2013,COLOMBIA,Cali , Valle del Cauca,FEDERACION COLOMBIANA DE BEISBOL,,,,
CAMPEONATO NACIONAL SUB-15,Campeonato Nacional,14/06/2013,22/06/2013,COLOMBIA,Monteria , Córdoba,FEDERACION COLOMBIANA DE BEISBOL,,,,
ESTADIO DE SAN JOSE,Open Internacional,14/06/2013,21/06/2013,COSTA RICA,San José,,FEDERACION COLOMBIANA DE BEISBOL,,,,
TORNEO NACIONAL CATEGORIA INFANTIL AA,Campeonato Nacional,29/06/2013,06/07/2013,COLOMBIA,Sincelejo , Sucre,FEDERACION COLOMBIANA DE BEISBOL,,,,
CAMPEONATO NACIONAL CATEGORIA INFANTIL A,Campeonato Nacional,05/07/2013,13/07/2013,COLOMBIA,Monteria , Córdoba,FEDERACION COLOMBIANA DE BEISBOL,,,,
ESTADIO DE DBRASIL,Open Internacional,11/07/2013,19/07/2013,BRASIL,Sao Paulo,,FEDERACION COLOMBIANA DE BEISBOL,,,,
MUNDIAL SUB-12,Open Internacional,20/07/2013,28/07/2013,CHINA TAPEI,China Tapei,,FEDERACION COLOMBIANA DE BEISBOL,,,,
TORNEO INTERNACIONAL DE DTALENTOS,Open Internacional,20/07/2013,27/07/2013,REPÚBLICA DOMINICANA,Punta Cana,,FEDERACION COLOMBIANA DE BEISBOL,,,,
TORNEO PANAMERICANO SUB- 15,Open Internacional,26/07/2013,04/08/2013,COLOMBIA,Barranquilla ,Atlántico,FEDERACION COLOMBIANA DE BEISBOL,,,,
MUNDIAL SUB-18,Open Internacional,30/08/2013,08/09/2013,CHINA TAPEI,China Tapei,,FEDERACION COLOMBIANA DE BEISBOL,,,,
CAMPEONATO NACIONAL SUB-21,Campeonato Nacional,25/10/2013,08/11/2013,COLOMBIA,Medellín, Antioquia,FEDERACION COLOMBIANA DE BEISBOL,,,,
TORNEO PANAMERICANO SUB-21,Open Internacional,15/11/2013,23/11/2013,PANAMA,Panamá,,FEDERACION COLOMBIANA DE BEISBOL,,,,
JUEGOS BOLIVARIANOS,Juegos Suramericanos,16/11/2013,30/11/2013,PERU,Trujillo,,FEDERACION COLOMBIANA DE BEISBOL,,,,
TORNEO NACIONAL PREPARATORIO,Campeonato Nacional,20/11/2013,29/11/2013,COLOMBIA,Cartagena , Bolívar,FEDERACION COLOMBIANA DE BEISBOL,,,,
XV Torneo Internacional de Billar a Tres Bandas Individual Feria de Manizales,Grand Prix Internacional,02/01/2013,06/01/2013,COLOMBIA,Manizales ,Caldas,FEDERACIÓN COLOMBIANA DE BILLAR,,,,
Copa Mundo de Billar a Tres Bandas Individual,Copa Mundo,06/02/2013,10/02/2013,TURQUIA,Antalya,,FEDERACIÓN COLOMBIANA DE BILLAR,,,,
Campeonato Mundial de Billar a Tres Bandas por Equipos,Campeonato Mundial,21/02/2013,24/02/2013,ALEMANIA,Viersen,,FEDERACIÓN COLOMBIANA DE BILLAR,,,,
12 Campeonato Nacional Sub-20 de Billar a Tres Bandas Individual,Campeonato Nacional,20/03/2013,24/03/2013,COLOMBIA,La Mesa , Cundinamarca,FEDERACIÓN COLOMBIANA DE BILLAR,,,,
55º Campeonato Nacional de Billar a Tres Bandas Individual Mayores,Campeonato Nacional,20/03/2013,24/03/2013,COLOMBIA,La Mesa , Cundinamarca,FEDERACIÓN COLOMBIANA DE BILLAR,,,,
V Campeonato Nacional de Billar Pool Bola 9 Individual Femenino,Campeonato Nacional,16/05/2013,19/05/2013,COLOMBIA,Ibague , Tolima,FEDERACIÓN COLOMBIANA DE BILLAR,,,,
XI Campeonato Nacional de Billar Pool Bola 9 Individual Masculino,Campeonato Nacional,16/05/2013,19/05/2013,COLOMBIA,Ibague , Tolima,FEDERACIÓN COLOMBIANA DE BILLAR,,,,
Grand Prix Panamericano de Billar a Tres Bandas Individual,Grand Prix Internacional,06/06/2013,09/06/2013,VENEZUELA,San Cristóbal,,FEDERACIÓN COLOMBIANA DE BILLAR,,,,
Primera Parada Ranking Nacional de Billar a Tres Bandas Individual,Torneo Abierto,19/06/2013,22/06/2013,COLOMBIA,Cali , Valle del Cauca,FEDERACIÓN COLOMBIANA DE BILLAR,,,,
Campeonato Panamericano Juvenil de Billar a Tres Bandas Individual,Clasificatorio al Mundial,23/06/2013,25/06/2013,COLOMBIA,Cali,Valle del Cauca,FEDERACIÓN COLOMBIANA DE BILLAR,,,,
Campeonato Panamericano de Billar a Tres Bandas por Equipos,Clasificatorio al Mundial,23/06/2013,25/06/2013,COLOMBIA,Cali,Valle del Cauca,FEDERACIÓN COLOMBIANA DE BILLAR,,,,
Campeonato Panamericano de Billar a Tres Bandas Individual,Clasificatorio al Mundial,26/06/2013,29/06/2013,COLOMBIA,Cali,Valle del Cauca,FEDERACIÓN COLOMBIANA DE BILLAR,,,,
XII Campeonato Panamericano de Billar Pool Bola 9 Individual Femenino,Clasificatorio al Mundial,08/07/2013,15/07/2013,BONAIRE,Bonaire ,,FEDERACIÓN COLOMBIANA DE BILLAR,,,,
XV Campeonato Panamericano de Billar Pool Bola 9 Individual Masculino,Clasificatorio al Mundial,08/07/2013,15/07/2013,BONAIRE,Bonaire ,,FEDERACIÓN COLOMBIANA DE BILLAR,,,,
Juegos Mundiales Billar a Tres Bandas Individual,Juegos Mundiales,26/07/2013,30/07/2013,COLOMBIA,Cali,Valle del Cauca,FEDERACIÓN COLOMBIANA DE BILLAR,,,,
Juegos Mundiales Billar Pool Bola 9 Individual Femenino,Juegos Mundiales,26/07/2013,30/07/2013,COLOMBIA,Cali,Valle del Cauca,FEDERACIÓN COLOMBIANA DE BILLAR,,,,
Juegos Mundiales Billar Pool Bola 9 Individual Masculino,Juegos Mundiales,26/07/2013,30/07/2013,COLOMBIA,Cali,Valle del Cauca,FEDERACIÓN COLOMBIANA DE BILLAR,,,,
VI Campeonato Nacional de Billar a Carambola Libre Femenino,Campeonato Nacional,15/08/2013,18/08/2013,COLOMBIA,Ibague , Tolima,FEDERACIÓN COLOMBIANA DE BILLAR,,,,
IV Campeonato Nacional de Billar a Carambola Libre Masculino,Campeonato Nacional,15/08/2013,18/08/2013,COLOMBIA,Ibague , Tolima,FEDERACIÓN COLOMBIANA DE BILLAR,,,,
Segunda Parada Ranking Nacional de Billar a Tres Bandas Individual,Torneo Abierto,15/08/2013,18/08/2013,COLOMBIA,Ibague , Tolima,FEDERACIÓN COLOMBIANA DE BILLAR,,,,
Copa Mundo de Billar a Tres Bandas Individual,Copa Mundo,03/09/2013,08/09/2013,KOREA,Suwon,,FEDERACIÓN COLOMBIANA DE BILLAR,,,,
Tercera Parada Ranking Nacional de Billar a Tres Bandas Individual,Torneo Abierto,18/09/2013,22/09/2013,COLOMBIA,Chía, Cundinamarca,FEDERACIÓN COLOMBIANA DE BILLAR,,,,
Campeonato Mundial Juvenil de Billar a Tres Bandas Individual,Campeonato Mundial,01/10/2013,07/10/2013,GRECIA,Atenas,,FEDERACIÓN COLOMBIANA DE BILLAR,,,,
Campeonato Mundial de Billar a Tres Bandas Individual Mayores,Campeonato Mundial,14/10/2013,20/10/2013,BELGICA,Antwerp,,FEDERACIÓN COLOMBIANA DE BILLAR,,,,
Parada Ranking Nacional de Billar Pool Bola 9 Individual Femenino,Torneo Abierto,24/10/2013,27/10/2013,COLOMBIA,Sincelejo , Sucre,FEDERACIÓN COLOMBIANA DE BILLAR,,,,
Parada Ranking Nacional de Billar Pool Bola 9 Individual Masculino,Torneo Abierto,24/10/2013,27/10/2013,COLOMBIA,Sincelejo , Sucre,FEDERACIÓN COLOMBIANA DE BILLAR,,,,
Cuarta Parada Ranking Nacional de Billar a Tres Bandas Individual,Torneo Abierto,07/11/2013,10/11/2013,COLOMBIA,Medellín, Antioquia,FEDERACIÓN COLOMBIANA DE BILLAR,,,,
X Campeonato Nacional de Billar a Tres Bandas por Equipos,Campeonato Nacional,10/11/2013,11/11/2013,COLOMBIA,Medellín, Antioquia,FEDERACIÓN COLOMBIANA DE BILLAR,,,,
Juegos Bolivarianos Tres Bandas Individual,Juegos Bolivarianos,17/11/2013,20/11/2013,PERU,Trujillo,,FEDERACIÓN COLOMBIANA DE BILLAR,,,,
Juegos Bolivarianos Pool Bola 9 Individual Femenino,Juegos Bolivarianos,17/11/2013,20/11/2013,PERU,Trujillo,,FEDERACIÓN COLOMBIANA DE BILLAR,,,,
Juegos Bolivarianos Pool Bola 9 Individual Masculino,Juegos Bolivarianos,17/11/2013,20/11/2013,PERU,Trujillo,,FEDERACIÓN COLOMBIANA DE BILLAR,,,,
Copa Mundo de Billar a Tres Bandas Individual,Copa Mundo,01/12/2013,07/12/2013,EGIPTO,Hurghada,,FEDERACIÓN COLOMBIANA DE BILLAR,,,,
Campeonato Nacional de Menores,Campeonato Nacional,23/03/2013,27/03/2013,COLOMBIA,Barranquilla , Atlántico,FEDERACION COLOMBIANA DE BOWLING,,,,
Selectivo Nacional de Clubes,Torneo Abierto,10/04/2013,13/04/2013,COLOMBIA,Bogotá D.C. , Bogotá D.C.,FEDERACION COLOMBIANA DE BOWLING,,,,
Campeonato Iberoamericano,Campeonato Iberoamericano,23/04/2013,28/04/2013,ARGENTINA,Buenos Aires,,FEDERACION COLOMBIANA DE BOWLING,,,,
Campeonato Nacional Mayores Sub 35,Campeonato Nacional,30/04/2013,05/05/2013,COLOMBIA,Pasto , Nariño,FEDERACION COLOMBIANA DE BOWLING,,,,
Campeonato Nacional Senior,Campeonato Nacional,09/05/2013,13/05/2013,COLOMBIA,Pereira , Risaralda,FEDERACION COLOMBIANA DE BOWLING,,,,
Selectivo Nacional Juegos Mundiales y Juegos Bolivarianos,Concentración Nacional,14/05/2013,17/05/2013,COLOMBIA,Cali , Valle del Cauca,FEDERACION COLOMBIANA DE BOWLING,,,,
CAMPEONATO CENTROAMERICANO Y DEL CARIBE DE MAYORES RUMBO A VERACRUZ 2014 Y SURAMERICANO DE CLUBES 2013,Campeonato Centroamericano y del Caribe,18/05/2013,23/06/2013,COLOMBIA,Cali,Valle del Cauca,FEDERACION COLOMBIANA DE BOWLING,,,,
Campeonato Nacional Segunda Fuerza,Campeonato Nacional,05/06/2013,10/06/2013,COLOMBIA,Bogotá D.C. , Bogotá D.C.,FEDERACION COLOMBIANA DE BOWLING,,,,
Campeonato Sudamericano de Clubes,Campeonato Suramericano,16/06/2013,23/06/2013,COLOMBIA,Cali,Valle del Cauca,FEDERACION COLOMBIANA DE BOWLING,,,,
Campeonato Panamericano Juvenil,Campeonato Panamericano,06/07/2013,13/07/2013,PUERTO RICO,Ponce,,FEDERACION COLOMBIANA DE BOWLING,,,,
Juegos Mundiales,Juegos Mundiales,27/07/2013,04/08/2013,COLOMBIA,Cali,Valle del Cauca,FEDERACION COLOMBIANA DE BOWLING,,,,
Torneo de Las Americas,Torneo Abierto,28/07/2013,03/08/2013,ESTADOS UNIDOS,Fort Lauderdele,,FEDERACION COLOMBIANA DE BOWLING,,,,
XIII Torneo Internacional de las Flores,Open Internacional,31/07/2013,04/08/2013,COLOMBIA,Medellín, Antioquia,FEDERACION COLOMBIANA DE BOWLING,,,,
XXVII TORNEO ABIERTO INTERNACIONAL CIUDAD DE BOGOTÁ ¨SAUL INSIGNARES MELO¨EBONITE INTERNACIONAL,Torneo Abierto,04/08/2013,11/08/2013,COLOMBIA,Bogotá D.C. , Bogotá D.C.,FEDERACION COLOMBIANA DE BOWLING,,,,
Campeonato Mundial Senior,Campeonato Mundial,10/08/2013,16/08/2013,ESTADOS UNIDOS,Las Vegas,,FEDERACION COLOMBIANA DE BOWLING,,,,
Campeonato Mundial Masculino y Femenino,Campeonato Mundial,18/08/2013,31/08/2013,ESTADOS UNIDOS,Las Vegas,,FEDERACION COLOMBIANA DE BOWLING,,,,
Selectivo Juegos Bolivarianos,Concentración Nacional,05/09/2013,08/09/2013,COLOMBIA,Cali , Valle del Cauca,FEDERACION COLOMBIANA DE BOWLING,,,,
Campeonato Nacional Juvenil,Campeonato Nacional,17/09/2013,22/09/2013,COLOMBIA,Medellín, Antioquia,FEDERACION COLOMBIANA DE BOWLING,,,,
Selectivo Nacional Senior,Torneo Abierto,24/09/2013,29/09/2013,COLOMBIA,Medellín, Antioquia,FEDERACION COLOMBIANA DE BOWLING,,,,
Campeonato Nacional Super Senior,Campeonato Nacional,09/10/2013,14/10/2013,COLOMBIA,Ibague , Tolima,FEDERACION COLOMBIANA DE BOWLING,,,,
Campeonato Panamericano Senior,Campeonato Panamericano,20/10/2013,26/10/2013,COSTA RICA,San José,,FEDERACION COLOMBIANA DE BOWLING,,,,
Campeonato Centroamericano y del Caribe Juvenil,Campeonato Centroamericano y del Caribe,02/11/2013,09/11/2013,COSTA RICA,San José,,FEDERACION COLOMBIANA DE BOWLING,,,,
Campeonato Nacional Primera categoria,Campeonato Nacional,12/11/2013,17/11/2013,COLOMBIA,Cali , Valle del Cauca,FEDERACION COLOMBIANA DE BOWLING,,,,
Juegos Bolivarianos,Juegos Bolivarianos,24/11/2013,29/11/2013,PERU,Lima,,FEDERACION COLOMBIANA DE BOWLING,,,,
Selectivo Nacional Mayores y Juvenil,Torneo Abierto,07/12/2013,15/12/2013,COLOMBIA,Bogotá D.C. , Bogotá D.C.,FEDERACION COLOMBIANA DE BOWLING,,,,
TORNEO CORDOVA CARDIN,Torneo Abierto,01/06/2013,06/06/2013,CUBA,La Habana,,FEDERACIÓN COLOMBIANA DE BOXEO,,,,
COPA OLIMPICA,Torneo Abierto,05/06/2013,09/06/2013,PUERTO RICO,Caguas,,FEDERACIÓN COLOMBIANA DE BOXEO,,,,
COPA ROBERTO BALADO,Campeonato Nacional,11/06/2013,15/06/2013,CUBA,La Habana,,FEDERACIÓN COLOMBIANA DE BOXEO,,,,
BATALLLA DE CARABOBO FEMENINO,Torneo Abierto,12/06/2013,24/06/2013,VENEZUELA,Valencia,,FEDERACIÓN COLOMBIANA DE BOXEO,,,,
BATALLA DE CARABOBO,Torneo Abierto,19/06/2013,24/06/2013,VENEZUELA,Valencia,,FEDERACIÓN COLOMBIANA DE BOXEO,,,,
CAMPEONATO NACIONAL JUVENIL,Campeonato Nacional,23/06/2013,30/06/2013,COLOMBIA,Dagua , Valle del Cauca,FEDERACIÓN COLOMBIANA DE BOXEO,,,,
CAMPEONATO NACIONAL ANDINO,Campeonato Nacional,29/06/2013,02/07/2013,COLOMBIA,Villavicencio , Meta,FEDERACIÓN COLOMBIANA DE BOXEO,,,,
XXVII UNIVERSIDAD DE VERANO,Campeonato Norteamericano,05/07/2013,17/07/2013,RUSIA,Kazan,,FEDERACIÓN COLOMBIANA DE BOXEO,,,,
CAMPEONATO NACIONAL JUNIOR,Campeonato Nacional,21/07/2013,27/07/2013,COLOMBIA,Santa Marta , Magdalena,FEDERACIÓN COLOMBIANA DE BOXEO,,,,
CAPACITACION DE ENTRENADORES,Evento Académico,25/07/2013,28/07/2013,COLOMBIA,Barranquilla , Atlántico,FEDERACIÓN COLOMBIANA DE BOXEO,,,,
CAMPEONATO CONTINENTAL MASCULINO ELITE,Campeonato Nacional,02/08/2013,08/08/2013,CHILE,Santiago de Chile,,FEDERACIÓN COLOMBIANA DE BOXEO,,,,
CAMPEONATO CONTINENTAL FEMENINO,Campeonato Nacional,08/08/2013,14/08/2013,ESTADOS UNIDOS,New Jersey,,FEDERACIÓN COLOMBIANA DE BOXEO,,,,
CAMPEONATO MUNDIAL JUVENIL,Campeonato Mundial,17/08/2013,26/08/2013,UCRANIA,Kiev,,FEDERACIÓN COLOMBIANA DE BOXEO,,,,
CONCENTRACION JUVENIL JUEGOS SURAMERICANOS,Concentración Nacional,18/08/2013,18/09/2013,COLOMBIA,Barranquilla , Atlántico,FEDERACIÓN COLOMBIANA DE BOXEO,,,,
CAMPEONATO SURAMERICANO MASCULINO Y FEMENINO JUVENIL,Campeonato Suramericano,19/08/2013,28/08/2013,PERU,Lima,,FEDERACIÓN COLOMBIANA DE BOXEO,,,,
CAMPEONATO NACIONAL FEMENINO,Campeonato Nacional,26/08/2013,31/08/2013,COLOMBIA,Toro , Valle del Cauca,FEDERACIÓN COLOMBIANA DE BOXEO,,,,
Juegos Suramericanos de la Juventud,Juegos Suramericanos,18/09/2013,24/09/2013,PERU,Callao,,FEDERACIÓN COLOMBIANA DE BOXEO,,,,
CINTURON DE ORO JUVENIL/CADETE,Campeonato Nacional,04/10/2013,10/10/2013,ECUADOR,Puerto Viejo,,FEDERACIÓN COLOMBIANA DE BOXEO,,,,
COPA PACIFICO,Campeonato Nacional,04/10/2013,10/10/2013,ECUADOR,Guayaquil,,FEDERACIÓN COLOMBIANA DE BOXEO,,,,
CAMPEONATO MUNDIALDE BOXEO MASCULINO,Campeonato Mundial,04/10/2013,20/10/2013,KAZAJISTAN,Almaty,,FEDERACIÓN COLOMBIANA DE BOXEO,,,,
COPA LA ROMANA MASCULINO/FEMENINO,Copa Mundo,21/10/2013,26/10/2013,REPÚBLICA DOMINICANA,Romana,,FEDERACIÓN COLOMBIANA DE BOXEO,,,,
JUEGOS BOLIVARIANOS MASCULINO/FEMENINO,Juegos Bolivarianos,22/11/2013,29/11/2013,PERU,Chiclayo,,FEDERACIÓN COLOMBIANA DE BOXEO,,,,
CAMPEONATO NACIONAL DE MAYORES,Campeonato Nacional,24/11/2013,30/11/2013,COLOMBIA,Valledupar , Cesar,FEDERACIÓN COLOMBIANA DE BOXEO,,,,
Selectivo Universitario,Clasificatorio al Mundial,03/05/2013,03/05/2013,COLOMBIA,Bogotá D.C. , Bogotá D.C.,FEDERACIÓN DE CLUBES DE BRIDGE DE COLOMBIA,,,,
27 Festival Internacional CACBF,Juegos Centroamericanos y del Caribe,17/05/2013,26/05/2013,PANAMA,Panamá,,FEDERACIÓN DE CLUBES DE BRIDGE DE COLOMBIA,,,,
Campeonato Sudamerican de Bridge,Campeonato Suramericano,25/05/2013,01/06/2013,BRASIL,Rio de Janeiro,,FEDERACIÓN DE CLUBES DE BRIDGE DE COLOMBIA,,,,
Copa Equipos,Torneo Abierto,01/06/2013,02/06/2013,COLOMBIA,Bogotá D.C. , Bogotá D.C.,FEDERACIÓN DE CLUBES DE BRIDGE DE COLOMBIA,,,,
Selectivo Nacional,Campeonato Nacional,07/06/2013,08/06/2013,COLOMBIA,Cali , Valle del Cauca,FEDERACIÓN DE CLUBES DE BRIDGE DE COLOMBIA,,,,
3er Campeonato Open Juvenil Mundial,Copa Mundo,03/08/2013,11/08/2013,ESTADOS UNIDOS,Atlanta,,FEDERACIÓN DE CLUBES DE BRIDGE DE COLOMBIA,,,,
Regional,Campeonato Nacional,16/08/2013,18/08/2013,COLOMBIA,Barranquilla , Atlántico,FEDERACIÓN DE CLUBES DE BRIDGE DE COLOMBIA,,,,
Bermuda Bowl y Venice Cup,Copa Mundo,16/09/2013,29/09/2013,INDONESIA,Bali,,FEDERACIÓN DE CLUBES DE BRIDGE DE COLOMBIA,,,,
Abierto Almirante Colon,Torneo Abierto,05/10/2013,05/10/2013,COLOMBIA,Bogotá D.C. , Bogotá D.C.,FEDERACIÓN DE CLUBES DE BRIDGE DE COLOMBIA,,,,
Calificativo Internacional,Campeonato Nacional,12/10/2013,13/10/2013,COLOMBIA,Medellín, Antioquia,FEDERACIÓN DE CLUBES DE BRIDGE DE COLOMBIA,,,,
Regional Eje Cafetero,Campeonato Nacional,01/11/2013,03/11/2013,COLOMBIA,Pereira , Risaralda,FEDERACIÓN DE CLUBES DE BRIDGE DE COLOMBIA,,,,
Open Juvenil,Copa Mundo,06/12/2013,08/12/2013,COLOMBIA,El Rosal , Cundinamarca,FEDERACIÓN DE CLUBES DE BRIDGE DE COLOMBIA,,,,
Nacional De Equipos,Campeonato Nacional,06/12/2013,08/12/2013,COLOMBIA,Bogotá D.C. , Bogotá D.C.,FEDERACIÓN DE CLUBES DE BRIDGE DE COLOMBIA,,,,
CONCENTRACION EQUIPO DE CANOTAJE,Concentración Nacional,13/05/2013,15/12/2013,COLOMBIA,Guatavita , Cundinamarca,FEDERACIÓN COLOMBIANA DE CANOTAJE Y REMO,,,,
III MARATON NACIONAL,Campeonato Nacional,16/05/2013,19/05/2013,COLOMBIA,Guatape , Antioquia,FEDERACIÓN COLOMBIANA DE CANOTAJE Y REMO,,,,
COPA COLOMBIA DE CANOTAJE DE VELOCIDAD,Campeonato Nacional,11/07/2013,14/07/2013,COLOMBIA,Barrancabermeja , Santander,FEDERACIÓN COLOMBIANA DE CANOTAJE Y REMO,,,,
GRAN PRIX DE CANOTAJE DE VELOCIDAD,Campeonato Nacional,11/07/2013,14/07/2013,COLOMBIA,Yaguara , Huila,FEDERACIÓN COLOMBIANA DE CANOTAJE Y REMO,,,,
JUEGOS MUNDIALES,Campeonato Mundial,25/07/2013,04/08/2013,COLOMBIA,Cali , Valle del Cauca,FEDERACIÓN COLOMBIANA DE CANOTAJE Y REMO,,,,
CAMPEONATO MUNDIAL JUVENIL - CANOTAJE DE VELOCIDAD,Campeonato Mundial,01/08/2013,05/08/2013,CANADA,Welland,,FEDERACIÓN COLOMBIANA DE CANOTAJE Y REMO,,,,
GRAN PRIX DE CANOTAJE DE VELOCIDAD,Campeonato Nacional,08/08/2013,11/08/2013,COLOMBIA,Paipa , Boyacá,FEDERACIÓN COLOMBIANA DE CANOTAJE Y REMO,,,,
CAMPEONATO MUNDIAL SENIOR DE CANOTAJE DE VELOCIDAD,Campeonato Mundial,22/08/2013,26/08/2013,ALEMANIA,Diusburg,,FEDERACIÓN COLOMBIANA DE CANOTAJE Y REMO,,,,
GRAN PRIX DE CANOTAJE DE VELOCIDAD,Campeonato Nacional,12/09/2013,15/09/2013,COLOMBIA,Calima Darien,Valle del Cauca,FEDERACIÓN COLOMBIANA DE CANOTAJE Y REMO,,,,
CAMPEONATO DE REMO Y CANOTAJE,Juegos Suramericanos de la Juventud,18/09/2013,29/09/2013,PERU,Lima,,FEDERACIÓN COLOMBIANA DE CANOTAJE Y REMO,,,,
FESTIVAL NAUTICO DEL GUAVIO,Campeonato Nacional,10/10/2013,13/10/2013,COLOMBIA,Gachala , Cundinamarca,FEDERACIÓN COLOMBIANA DE CANOTAJE Y REMO,,,,
CAMPEONATO NACIONAL DE SLALOM,Campeonato Nacional,10/10/2013,13/10/2013,COLOMBIA,San Gil , Santander,FEDERACIÓN COLOMBIANA DE CANOTAJE Y REMO,,,,
CAMPEONATO PANAMERICANO DE CANOTAJE DE VELOCIDAD,Campeonato Panamericano,17/10/2013,20/10/2013,PUERTO RICO,Ponce,,FEDERACIÓN COLOMBIANA DE CANOTAJE Y REMO,,,,
CAMPEONATO SURAMERICANO DE SLALOM,Campeonato Suramericano,14/11/2013,17/11/2013,CHILE,Pucon,,FEDERACIÓN COLOMBIANA DE CANOTAJE Y REMO,,,,
JUEGOS BOLIVARIANOS - CANOTAJE Y REMO,Juegos Bolivarianos,16/11/2013,30/11/2013,PERU,Lima,,FEDERACIÓN COLOMBIANA DE CANOTAJE Y REMO,,,,
CAMPEONATO NACIONAL DE CANOTAJE DE VELOCIDAD,Campeonato Nacional,21/11/2013,24/11/2013,COLOMBIA,Guatape , Antioquia,FEDERACIÓN COLOMBIANA DE CANOTAJE Y REMO,,,,
CAMPEONATO DE REMO Y CANOTAJE,Juegos Suramericanos de Playa,03/12/2013,13/12/2013,VENEZUELA,Vargas,,FEDERACIÓN COLOMBIANA DE CANOTAJE Y REMO,,,,
CIRCUITO DE MANIZALES,Campeonato Nacional,09/01/2013,09/01/2013,COLOMBIA,Manizales , Caldas,FEDERACIÓN COLOMBIANA DE CICLISMO,,,,
CIRCUITO DE TUTA,Campeonato Nacional,19/01/2013,19/01/2013,COLOMBIA,Tuta , Boyacá,FEDERACIÓN COLOMBIANA DE CICLISMO,,,,
I - II VALIDA NACIONAL BMX,Campeonato Nacional,15/02/2013,17/02/2013,COLOMBIA,Medellín, Antioquia,FEDERACIÓN COLOMBIANA DE CICLISMO,,,,
I VALIDA COPA NACIONAL DH - XC,Campeonato Nacional,16/02/2013,17/02/2013,COLOMBIA,Manizales , Caldas,FEDERACIÓN COLOMBIANA DE CICLISMO,,,,
PREMIO AUGUSTO TRIANA,Campeonato Nacional,17/02/2013,17/02/2013,COLOMBIA,Fusagasugá, Cundinamarca,FEDERACIÓN COLOMBIANA DE CICLISMO,,,,
VUELTA DE SUCRE,Campeonato Nacional,15/03/2013,17/03/2013,COLOMBIA,Sucre , Santander,FEDERACIÓN COLOMBIANA DE CICLISMO,,,,
III - IV VALIDA NACIONAL BMX,Campeonato Nacional,15/03/2013,17/03/2013,COLOMBIA,Chía, Cundinamarca,FEDERACIÓN COLOMBIANA DE CICLISMO,,,,
II VALIDA COPA NACIONAL DH - XC,Campeonato Nacional,16/03/2013,17/03/2013,COLOMBIA,Medellín, Antioquia,FEDERACIÓN COLOMBIANA DE CICLISMO,,,,
II VALIDA COPA NACIONAL DH - XC,Campeonato Nacional,16/03/2013,17/03/2013,COLOMBIA,Medellín, Antioquia,FEDERACIÓN COLOMBIANA DE CICLISMO,,,,
VUELTA DEL VALLE,Campeonato Nacional,20/03/2013,24/03/2013,COLOMBIA,Cali , Valle del Cauca,FEDERACIÓN COLOMBIANA DE CICLISMO,,,,
15th Gran Premio Miguel Indurain,Grand Prix Internacional,30/03/2013,30/03/2013,ESPAÑA,Navarra,,FEDERACIÓN COLOMBIANA DE CICLISMO,,,,
53rd Vuelta Ciclistica a La Rioja,Grand Prix Internacional,31/03/2013,31/03/2013,ESPAÑA,La Rioja,,FEDERACIÓN COLOMBIANA DE CICLISMO,,,,
CLASICA DE ANAPOIMA,Campeonato Nacional,03/04/2013,06/04/2013,COLOMBIA,Anapoima , Cundinamarca,FEDERACIÓN COLOMBIANA DE CICLISMO,,,,
59 th KLASIKA PRIMAVERA DE AMOREBIETA,Grand Prix Internacional,07/04/2013,07/04/2013,ESPAÑA,Aorebieta,,FEDERACIÓN COLOMBIANA DE CICLISMO,,,,
CLASICA DE FUSAGASUGA,Campeonato Nacional,11/04/2013,14/04/2013,COLOMBIA,Fusagasugá, Cundinamarca,FEDERACIÓN COLOMBIANA DE CICLISMO,,,,
PARADA DE PISTA,Campeonato Nacional,12/04/2013,14/04/2013,COLOMBIA,Medellín, Antioquia,FEDERACIÓN COLOMBIANA DE CICLISMO,,,,
CAMPEONATO NACIONAL DE BMX,Campeonato Nacional,12/04/2013,13/04/2013,COLOMBIA,Barrancabermeja , Santander,FEDERACIÓN COLOMBIANA DE CICLISMO,,,,
28th Vuelta a Castilla y Leon,Grand Prix Internacional,12/04/2013,14/04/2013,ESPAÑA,Castilla y León,,FEDERACIÓN COLOMBIANA DE CICLISMO,,,,
CAMPEONATOS NACIONALES DE RUTA,Campeonato Nacional,18/04/2013,21/04/2013,COLOMBIA,Ibague , Tolima,FEDERACIÓN COLOMBIANA DE CICLISMO,,,,
VUELTA DEL TOLIMA,Campeonato Nacional,24/04/2013,28/04/2013,COLOMBIA,Ibague , Tolima,FEDERACIÓN COLOMBIANA DE CICLISMO,,,,
47th Le Tour de Bretagne Cycliste trophee harmonie Mutuelle,Grand Prix Internacional,25/04/2013,01/05/2013,FRANCIA,Bretagne,,FEDERACIÓN COLOMBIANA DE CICLISMO,,,,
Vuelta a la Comunidad de Madrid,Grand Prix Internacional,04/05/2013,04/05/2013,ESPAÑA,Madrid,,FEDERACIÓN COLOMBIANA DE CICLISMO,,,,
III VALIDA COPA NACIONAL DH - XC,Campeonato Nacional,04/05/2013,05/05/2013,COLOMBIA,Palmira , Valle del Cauca,FEDERACIÓN COLOMBIANA DE CICLISMO,,,,
CLASICA DEL CARMEN DE VIBORAL,Campeonato Nacional,09/05/2013,12/05/2013,COLOMBIA,Carmen De Viboral , Antioquia,FEDERACIÓN COLOMBIANA DE CICLISMO,,,,
Vuelta a Asturias Julio Alvarez Mendo,Grand Prix Internacional,11/05/2013,12/05/2013,ESPAÑA,Asturias,,FEDERACIÓN COLOMBIANA DE CICLISMO,,,,
Ronde de l¨,Grand Prix Internacional,16/05/2013,19/05/2013,FRANCIA,St. Girons,,FEDERACIÓN COLOMBIANA DE CICLISMO,,,,
CLASICA INTERNACIONAL DEL CAFE,Campeonato Nacional,16/05/2013,19/05/2013,COLOMBIA,Pereira , Risaralda,FEDERACIÓN COLOMBIANA DE CICLISMO,,,,
PARADA DE PISTA,Campeonato Nacional,17/05/2013,19/05/2013,COLOMBIA,Duitama , Boyacá,FEDERACIÓN COLOMBIANA DE CICLISMO,,,,
VUELTA ANTIOQUIA,Campeonato Nacional,22/05/2013,26/05/2013,COLOMBIA,Medellín, Antioquia,FEDERACIÓN COLOMBIANA DE CICLISMO,,,,
TOUR DE GIRONDE,Grand Prix Internacional,23/05/2013,26/05/2013,FRANCIA,Gironde,,FEDERACIÓN COLOMBIANA DE CICLISMO,,,,
CLASICA CIUDAD DE GIRADOT,Campeonato Nacional,28/05/2013,01/06/2013,COLOMBIA,Girardot , Cundinamarca,FEDERACIÓN COLOMBIANA DE CICLISMO,,,,
CLASICA INTERNACIONAL DEL CARIBE,Campeonato Nacional,30/05/2013,02/06/2013,COLOMBIA,Barranquilla , Atlántico,FEDERACIÓN COLOMBIANA DE CICLISMO,,,,
IV VALIDA COPA NACIONAL DH - XC,Campeonato Nacional,01/06/2013,02/06/2013,COLOMBIA,Pasto , Nariño,FEDERACIÓN COLOMBIANA DE CICLISMO,,,,
Coupe des Nations Ville Saguenay,Grand Prix Internacional,07/06/2013,09/06/2013,CANADA,Quebec,,FEDERACIÓN COLOMBIANA DE CICLISMO,,,,
VUELTA A COLOMBIA,Campeonato Nacional,09/06/2013,23/06/2013,COLOMBIA,Ipiales , Nariño,FEDERACIÓN COLOMBIANA DE CICLISMO,,,,
CAMPEONATOS NACIONALES DE RUTA Y PISTA JUVENILES,Campeonato Nacional,25/06/2013,30/06/2013,COLOMBIA,Bucaramanga , Santander,FEDERACIÓN COLOMBIANA DE CICLISMO,,,,
CLASICA HEROES DE LA PATRIA,Campeonato Nacional,04/07/2013,07/07/2013,COLOMBIA,Medellín, Antioquia,FEDERACIÓN COLOMBIANA DE CICLISMO,,,,
PARADA DE PISTA,Campeonato Nacional,05/07/2013,07/07/2013,COLOMBIA,Cali , Valle del Cauca,FEDERACIÓN COLOMBIANA DE CICLISMO,,,,
VI- VII VALIDA NACIONAL BMX,Campeonato Nacional,06/07/2013,07/07/2013,COLOMBIA,Bogotá D.C. , Bogotá D.C.,FEDERACIÓN COLOMBIANA DE CICLISMO,,,,
VUELTA A NARIÑO,Campeonato Nacional,12/07/2013,14/07/2013,COLOMBIA,Pasto , Nariño,FEDERACIÓN COLOMBIANA DE CICLISMO,,,,
CLASICA MARCO FIDEL SUAREZ,Campeonato Nacional,17/07/2013,21/07/2013,COLOMBIA,Medellín, Antioquia,FEDERACIÓN COLOMBIANA DE CICLISMO,,,,
V VALIDA COPA NACIONAL DH - XC,Campeonato Nacional,20/07/2013,21/07/2013,COLOMBIA,Ubate , Cundinamarca,FEDERACIÓN COLOMBIANA DE CICLISMO,,,,
TOUR DE ALSACE,Grand Prix Internacional,23/07/2013,28/07/2013,FRANCIA,Ecomusse; Saushem,,FEDERACIÓN COLOMBIANA DE CICLISMO,,,,
CLASICA CIUDAD DE SANTA MARTA,Campeonato Nacional,27/07/2013,29/07/2013,COLOMBIA,Santa Marta , Magdalena,FEDERACIÓN COLOMBIANA DE CICLISMO,,,,
68. Circuito Gexto 13 Memorial Ricardo otxoa,Grand Prix Internacional,31/07/2013,31/07/2013,ESPAÑA,Getxo,,FEDERACIÓN COLOMBIANA DE CICLISMO,,,,
CLASICA DE GUARNE,Campeonato Nacional,01/08/2013,03/08/2013,COLOMBIA,Guarne , Antioquia,FEDERACIÓN COLOMBIANA DE CICLISMO,,,,
Vuelta Ciclistica Leon,Grand Prix Internacional,02/08/2013,04/08/2013,ESPAÑA,León,,FEDERACIÓN COLOMBIANA DE CICLISMO,,,,
CLASICA DE FUNZA,Campeonato Nacional,05/08/2013,08/08/2013,COLOMBIA,Funza , Cundinamarca,FEDERACIÓN COLOMBIANA DE CICLISMO,,,,
CLASICA DE LA COSECHA,Campeonato Nacional,09/08/2013,11/08/2013,COLOMBIA,Medellín, Antioquia,FEDERACIÓN COLOMBIANA DE CICLISMO,,,,
TOUR DE LAIN LA ROUTE DU PRGRES,Grand Prix Internacional,09/08/2013,13/08/2013,FRANCIA,Nantua; Lagnieu,,FEDERACIÓN COLOMBIANA DE CICLISMO,,,,
CIRCUITO FERIA DE PALMIRA,Campeonato Nacional,11/08/2013,11/08/2013,COLOMBIA,Palmira , Valle del Cauca,FEDERACIÓN COLOMBIANA DE CICLISMO,,,,
CLASICA DEPORTIVO BOYACA,Campeonato Nacional,15/08/2013,17/08/2013,COLOMBIA,Tunja , Boyacá,FEDERACIÓN COLOMBIANA DE CICLISMO,,,,
CLASICA INTERNACIONAL ALCALDIA DE POPAYAN,Campeonato Nacional,16/08/2013,18/08/2013,COLOMBIA,Popayan , Cauca,FEDERACIÓN COLOMBIANA DE CICLISMO,,,,
VUELTA JUVENIL AL VALLE,Campeonato Nacional,16/08/2013,18/08/2013,COLOMBIA,Palmira , Valle del Cauca,FEDERACIÓN COLOMBIANA DE CICLISMO,,,,
VUELTA FEMENINA DEL VALLE,Campeonato Nacional,16/08/2013,18/08/2013,COLOMBIA,Palmira , Valle del Cauca,FEDERACIÓN COLOMBIANA DE CICLISMO,,,,
FESTIVAL DE VERANO BMX,Campeonato Nacional,18/08/2013,19/08/2013,COLOMBIA,Bogotá D.C. , Bogotá D.C.,FEDERACIÓN COLOMBIANA DE CICLISMO,,,,
VUELTA DE SANTANDER,Campeonato Nacional,21/08/2013,25/08/2013,COLOMBIA,Bucaramanga , Santander,FEDERACIÓN COLOMBIANA DE CICLISMO,,,,
Tour del Avenir,Grand Prix Internacional,24/08/2013,31/08/2013,FRANCIA,Belley,,FEDERACIÓN COLOMBIANA DE CICLISMO,,,,
VUELTA DE LA JUVENTUD,Campeonato Nacional,27/08/2013,01/09/2013,COLOMBIA,Bogotá D.C. , Bogotá D.C.,FEDERACIÓN COLOMBIANA DE CICLISMO,,,,
VUELTA DE CUNDINAMARCA,Campeonato Nacional,03/09/2013,07/09/2013,COLOMBIA,Soacha,Cundinamarca,FEDERACIÓN COLOMBIANA DE CICLISMO,,,,
VUELTA BOYACA,Campeonato Nacional,11/09/2013,15/09/2013,COLOMBIA,Tunja , Boyacá,FEDERACIÓN COLOMBIANA DE CICLISMO,,,,
CLASICA DEL CESAR,Campeonato Nacional,18/09/2013,21/09/2013,COLOMBIA,Valledupar , Cesar,FEDERACIÓN COLOMBIANA DE CICLISMO,,,,
CLASICA DE MARINILLA,Campeonato Nacional,20/09/2013,22/09/2013,COLOMBIA,Marinilla , Antioquia,FEDERACIÓN COLOMBIANA DE CICLISMO,,,,
PARADA DE PISTA,Campeonato Nacional,20/09/2013,22/09/2013,COLOMBIA,Barranquilla , Atlántico,FEDERACIÓN COLOMBIANA DE CICLISMO,,,,
X-XI VALIDA NACIONAL BMX,Campeonato Nacional,21/09/2013,22/09/2013,COLOMBIA,Pereira , Risaralda,FEDERACIÓN COLOMBIANA DE CICLISMO,,,,
CLASICO RCN,Campeonato Nacional,27/09/2013,06/10/2013,COLOMBIA,Bogotá D.C. , Bogotá D.C.,FEDERACIÓN COLOMBIANA DE CICLISMO,,,,
VUELTA DEL PORVENIR Y TOUR FEMENINO,Campeonato Nacional,08/10/2013,12/10/2013,COLOMBIA,Bogotá D.C. , Bogotá D.C.,FEDERACIÓN COLOMBIANA DE CICLISMO,,,,
CAMPEONATO NACIONAL DE DH - XC,Campeonato Nacional,12/10/2013,13/10/2013,COLOMBIA,Palmira , Valle del Cauca,FEDERACIÓN COLOMBIANA DE CICLISMO,,,,
CLASICA COLEGIO DE JUECES - TOLIMA,Campeonato Nacional,13/10/2013,13/10/2013,COLOMBIA,Ibague , Tolima,FEDERACIÓN COLOMBIANA DE CICLISMO,,,,
CLASICA DE AGUAZUL,Campeonato Nacional,17/10/2013,19/10/2013,COLOMBIA,Aguazul , Casanare,FEDERACIÓN COLOMBIANA DE CICLISMO,,,,
CLASICA FUTURAS ESTRELLAS,Campeonato Nacional,25/10/2013,27/10/2013,COLOMBIA,Medellín, Antioquia,FEDERACIÓN COLOMBIANA DE CICLISMO,,,,
CLASICA SAN FELIX,Campeonato Nacional,25/10/2013,27/10/2013,COLOMBIA,Chinchina , Caldas,FEDERACIÓN COLOMBIANA DE CICLISMO,,,,
XII - XIII VALIDA NACIONAL BMX,Campeonato Nacional,09/11/2013,10/11/2013,COLOMBIA,Chinchina , Caldas,FEDERACIÓN COLOMBIANA DE CICLISMO,,,,
VUELTA JUVENIL DE ANTIOQUIA,Campeonato Nacional,15/11/2013,17/11/2013,COLOMBIA,Antioquia ,Antioquia,FEDERACIÓN COLOMBIANA DE CICLISMO,,,,
VUELTA NACIONAL DEL FUTURO,Campeonato Nacional,27/11/2013,30/11/2013,COLOMBIA,Bogotá D.C. , Bogotá D.C.,FEDERACIÓN COLOMBIANA DE CICLISMO,,,,
AGUINALDO FUSAGASUGUEÑO,Campeonato Nacional,01/12/2013,01/12/2013,COLOMBIA,Fusagasugá, Cundinamarca,FEDERACIÓN COLOMBIANA DE CICLISMO,,,,
CAMPEONATO MUNDIAL DE COLEO CONFEDERACIONES,Campeonato Mundial,11/05/2013,12/05/2013,MEXICO,Mexico D.F.,,FEDERACIÓN COLOMBIANA DE COLEO,,,,
COPA BOTALON,Torneo Abierto,01/06/2013,02/06/2013,COLOMBIA,San Jose Del Guaviare , Guaviare,FEDERACIÓN COLOMBIANA DE COLEO,,,,
ORGULLO RONDONEÑO,Torneo Abierto,08/06/2013,09/06/2013,COLOMBIA,Puerto Rondon , Arauca,FEDERACIÓN COLOMBIANA DE COLEO,,,,
LA CACHERA DE ORO,Torneo Abierto,15/06/2013,16/06/2013,COLOMBIA,Tame , Arauca,FEDERACIÓN COLOMBIANA DE COLEO,,,,
LOS CRIOLLITOS DE CASTILLA,Torneo Abierto,15/06/2013,15/06/2013,COLOMBIA,Castilla La Nueva , Meta,FEDERACIÓN COLOMBIANA DE COLEO,,,,
COPA SAN PADRINO,Torneo Abierto,22/06/2013,23/06/2013,COLOMBIA,Castilla La Nueva , Meta,FEDERACIÓN COLOMBIANA DE COLEO,,,,
ENCUENTRO CONFRATERNIDAD COLOMBO VENEZOLANA,Torneo Abierto,29/06/2013,30/06/2013,COLOMBIA,Villavicencio , Meta,FEDERACIÓN COLOMBIANA DE COLEO,,,,
ASUNCION DE ORO,Torneo Abierto,29/06/2013,30/06/2013,COLOMBIA,Tame , Arauca,FEDERACIÓN COLOMBIANA DE COLEO,,,,
XXVII TALENTO SAN MARTINERO,Torneo Abierto,30/06/2013,30/06/2013,COLOMBIA,San Martin , Meta,FEDERACIÓN COLOMBIANA DE COLEO,,,,
HARTON DE ORO,Torneo Abierto,06/07/2013,07/07/2013,COLOMBIA,Tame , Arauca,FEDERACIÓN COLOMBIANA DE COLEO,,,,
PROGRESO GARANTIZADO,Torneo Abierto,14/07/2013,14/07/2013,COLOMBIA,Castilla La Nueva , Meta,FEDERACIÓN COLOMBIANA DE COLEO,,,,
COPA LIBERTADORES,Torneo Abierto,20/07/2013,20/07/2013,COLOMBIA,San Jose Del Guaviare , Guaviare,FEDERACIÓN COLOMBIANA DE COLEO,,,,
GUARRACUCO DE ORO,Torneo Abierto,20/07/2013,20/07/2013,COLOMBIA,Barranca De Upia , Meta,FEDERACIÓN COLOMBIANA DE COLEO,,,,
EL SARGENTO DE ORO,Torneo Abierto,20/07/2013,20/07/2013,COLOMBIA,Villavicencio , Meta,FEDERACIÓN COLOMBIANA DE COLEO,,,,
II VALIDA DEPARTAMENTAL,Evento de Preparacion Deportiva,27/07/2013,28/07/2013,COLOMBIA,Villavicencio , Meta,FEDERACIÓN COLOMBIANA DE COLEO,,,,
FIESTAS PATRONALES SAN LORENZO DE ORO,Torneo Abierto,10/08/2013,11/08/2013,COLOMBIA,Arauquita , Arauca,FEDERACIÓN COLOMBIANA DE COLEO,,,,
FIESTAS PATRONALES DE TAME,Torneo Abierto,17/08/2013,18/08/2013,COLOMBIA,Tame , Arauca,FEDERACIÓN COLOMBIANA DE COLEO,,,,
CANOERO DE ORO,Torneo Abierto,17/08/2013,18/08/2013,COLOMBIA,Puerto Lopez , Meta,FEDERACIÓN COLOMBIANA DE COLEO,,,,
YURUPARI DE ORO,Torneo Abierto,18/08/2013,19/08/2013,COLOMBIA,San Jose Del Guaviare , Guaviare,FEDERACIÓN COLOMBIANA DE COLEO,,,,
CAMPEONATO MUNDIAL DE COLEO,Campeonato Mundial,01/09/2013,30/09/2013,VENEZUELA,Sin Definir,,FEDERACIÓN COLOMBIANA DE COLEO,,,,
VII COPA FEDERACION,Torneo Abierto,07/09/2013,07/09/2013,COLOMBIA,Villavicencio , Meta,FEDERACIÓN COLOMBIANA DE COLEO,,,,
CAMPEONATO NACIONAL CATEGORIA SUB-18,Campeonato Nacional,07/09/2013,07/09/2013,COLOMBIA,Villavicencio , Meta,FEDERACIÓN COLOMBIANA DE COLEO,,,,
LA LORA DE ORO,Torneo Abierto,14/09/2013,14/09/2013,COLOMBIA,Villavicencio , Meta,FEDERACIÓN COLOMBIANA DE COLEO,,,,
GAVAN DE ORO,Torneo Abierto,14/09/2013,15/09/2013,COLOMBIA,Puerto Rondon , Arauca,FEDERACIÓN COLOMBIANA DE COLEO,,,,
COPA ENELAR,Torneo Abierto,21/09/2013,22/09/2013,COLOMBIA,Arauca , Arauca,FEDERACIÓN COLOMBIANA DE COLEO,,,,
VIRGEN DE LAS MERCEDES,Torneo Abierto,28/09/2013,29/09/2013,COLOMBIA,Tame , Arauca,FEDERACIÓN COLOMBIANA DE COLEO,,,,
III VALIDA DEPARTAMENTAL,Evento de Preparacion Deportiva,28/09/2013,29/09/2013,COLOMBIA,Villavicencio , Meta,FEDERACIÓN COLOMBIANA DE COLEO,,,,
CAMPEONATO NACIONAL CATEGORIA ELITE,Campeonato Nacional,28/09/2013,29/09/2013,COLOMBIA,San Jose Del Guaviare , Guaviare,FEDERACIÓN COLOMBIANA DE COLEO,,,,
CAMPEONATO NACIONAL FEMENINO,Campeonato Nacional,28/09/2013,29/09/2013,COLOMBIA,San Jose Del Guaviare , Guaviare,FEDERACIÓN COLOMBIANA DE COLEO,,,,
COPA AGROMART,Torneo Abierto,05/10/2013,05/10/2013,COLOMBIA,Villavicencio , Meta,FEDERACIÓN COLOMBIANA DE COLEO,,,,
EL FRENO DE ORO,Torneo Abierto,05/10/2013,06/10/2013,COLOMBIA,Fortul , Arauca,FEDERACIÓN COLOMBIANA DE COLEO,,,,
XIV SAN MARTIN DE ORO,Torneo Abierto,06/10/2013,06/10/2013,COLOMBIA,San Martin , Meta,FEDERACIÓN COLOMBIANA DE COLEO,,,,
PREMUNDIALITO,Torneo Abierto,06/10/2013,06/10/2013,COLOMBIA,Villavicencio , Meta,FEDERACIÓN COLOMBIANA DE COLEO,,,,
COPA EL REJO,Torneo Abierto,12/10/2013,13/10/2013,COLOMBIA,San Jose Del Guaviare , Guaviare,FEDERACIÓN COLOMBIANA DE COLEO,,,,
FESTIVAL DEL RETORNO,Torneo Abierto,12/10/2013,14/10/2013,COLOMBIA,Acacias , Meta,FEDERACIÓN COLOMBIANA DE COLEO,,,,
XVII ENCUENTRO MUNDIAL DE COLEO,Campeonato Mundial,12/10/2013,14/10/2013,COLOMBIA,Villavicencio , Meta,FEDERACIÓN COLOMBIANA DE COLEO,,,,
COPA CABRESTERO,Torneo Abierto,26/10/2013,27/10/2013,COLOMBIA,Arauca , Arauca,FEDERACIÓN COLOMBIANA DE COLEO,,,,
COPA COLONIZADORES,Torneo Abierto,02/11/2013,03/11/2013,COLOMBIA,San Jose Del Guaviare , Guaviare,FEDERACIÓN COLOMBIANA DE COLEO,,,,
IX GHIRIGUARE DE ORO,Torneo Abierto,02/11/2013,03/11/2013,COLOMBIA,Puerto Gaitan , Meta,FEDERACIÓN COLOMBIANA DE COLEO,,,,
XLVII ESTRIBO DE ORO,Torneo Abierto,09/11/2013,11/11/2013,COLOMBIA,San Martin , Meta,FEDERACIÓN COLOMBIANA DE COLEO,,,,
TAPARAS DE ORO,Torneo Abierto,09/11/2013,10/11/2013,COLOMBIA,Saravena , Arauca,FEDERACIÓN COLOMBIANA DE COLEO,,,,
EL BONGUERO DE ORO,Torneo Abierto,16/11/2013,17/11/2013,COLOMBIA,Arauquita , Arauca,FEDERACIÓN COLOMBIANA DE COLEO,,,,
II COPA NACIONAL AGUILA DE ORO,Torneo Abierto,16/11/2013,17/11/2013,COLOMBIA,Puerto Lopez , Meta,FEDERACIÓN COLOMBIANA DE COLEO,,,,
FIESTAS DE ARAUCA,Torneo Abierto,05/12/2013,08/12/2013,COLOMBIA,Arauca , Arauca,FEDERACIÓN COLOMBIANA DE COLEO,,,,
II FESTIVAL LLANERO,Torneo Abierto,07/12/2013,08/12/2013,COLOMBIA,Villavicencio , Meta,FEDERACIÓN COLOMBIANA DE COLEO,,,,
PETROLITO DE ORO,Torneo Abierto,07/12/2013,08/12/2013,COLOMBIA,Castilla La Nueva , Meta,FEDERACIÓN COLOMBIANA DE COLEO,,,,
COPA GUAVIARE,Torneo Abierto,14/12/2013,15/12/2013,COLOMBIA,San Jose Del Guaviare , Guaviare,FEDERACIÓN COLOMBIANA DE COLEO,,,,
FIESTAS DE RONDON,Torneo Abierto,14/12/2013,15/12/2013,COLOMBIA,Puerto Rondon , Arauca,FEDERACIÓN COLOMBIANA DE COLEO,,,,
CAMPEONATO MUNDIAL DE COLEO,Campeonato Mundial,14/12/2013,15/12/2013,PANAMA,Panamá,,FEDERACIÓN COLOMBIANA DE COLEO,,,,
4TA VALIDA CIRCUITO ACCURACY - COPA CERINZA PARAPENTE ACCURACY,Campeonato Nacional,01/01/2013,31/12/2013,COLOMBIA,Pachavita , Boyacá,FEDERACIÓN COLOMBIANA DE DEPORTES AÉREOS,,,,
COLOMBIA ONLINE - XCOLOMBIA 2013,Campeonato Nacional,01/01/2013,31/12/2013,COLOMBIA,Bogotá D.C. , Bogotá D.C.,FEDERACIÓN COLOMBIANA DE DEPORTES AÉREOS,,,,
CAMPEONATO NACIONAL ACROBACIA,Campeonato Nacional,01/01/2013,31/12/2013,COLOMBIA,Bogotá D.C. , Bogotá D.C.,FEDERACIÓN COLOMBIANA DE DEPORTES AÉREOS,,,,
NOVATOS Y SUPER NOVATOS,Campeonato Nacional,01/01/2013,31/12/2013,COLOMBIA,Bogotá D.C. , Bogotá D.C.,FEDERACIÓN COLOMBIANA DE DEPORTES AÉREOS,,,,
CAMPEONATO NACIONAL DE PARAPENTE - 1ER VALIDA CIRCUITO NACIONAL,Campeonato Nacional,05/01/2013,12/01/2013,COLOMBIA,Roldanillo , Valle del Cauca,FEDERACIÓN COLOMBIANA DE DEPORTES AÉREOS,,,,
2013 WORLD CUP SUPERFINAL,Campeonato Mundial,15/01/2013,26/01/2013,COLOMBIA,Roldanillo , Valle del Cauca,FEDERACIÓN COLOMBIANA DE DEPORTES AÉREOS,,,,
HOMBRES PÁJARO COLOMBIA 2013,Campeonato Mundial,27/01/2013,02/02/2013,COLOMBIA,Roldanillo , Valle del Cauca,FEDERACIÓN COLOMBIANA DE DEPORTES AÉREOS,,,,
CAPACITACION EN MANEJO DE SOFTWARE Y PROGRAMAS DE CLASIFICACION,Evento Académico,08/02/2013,10/02/2013,COLOMBIA,Sopetran , Antioquia,FEDERACIÓN COLOMBIANA DE DEPORTES AÉREOS,,,,
2DA VALIDA CIRCUITO NACIONAL - COPA DE OCCIDENTE SOPETRAN,Campeonato Nacional,08/02/2013,10/02/2013,COLOMBIA,Sopetran , Antioquia,FEDERACIÓN COLOMBIANA DE DEPORTES AÉREOS,,,,
2013 PARAGLIDING WORLD CUP AFRICA,Copa Mundo,23/02/2013,02/03/2013,SUDAFRICA,Porterville,,FEDERACIÓN COLOMBIANA DE DEPORTES AÉREOS,,,,
ENTRENAMIENTO SELECCIÓN COLOMBIA DE PARACAIDISMO,Evento de Preparacion Deportiva,27/02/2013,08/03/2013,ESTADOS UNIDOS,Florida,,FEDERACIÓN COLOMBIANA DE DEPORTES AÉREOS,,,,
CAMPEONATO ABIERTO DE PARACAIDISMO FLCPA DE CANOPY PILOTING,Evento de Preparacion Deportiva,02/03/2013,05/03/2013,ESTADOS UNIDOS,Florida,,FEDERACIÓN COLOMBIANA DE DEPORTES AÉREOS,,,,
ENCUENTRO RECREATIVO - APIA 2013,Campeonato Nacional,23/03/2013,25/03/2013,COLOMBIA,Apia , Risaralda,FEDERACIÓN COLOMBIANA DE DEPORTES AÉREOS,,,,
CAMPEONATO ABIERTO DE VUELO RELATIVO Y DE PRECISIÓN DE ATERRIZAJE,Campeonato Nacional,28/03/2013,31/03/2013,COLOMBIA,Flandes , Tolima,FEDERACIÓN COLOMBIANA DE DEPORTES AÉREOS,,,,
ENTRENAMIENTO SELECCIÓN COLOMBIA DE PARACAIDISMO,Evento de Preparacion Deportiva,29/03/2013,31/03/2013,ESTADOS UNIDOS,Florida,,FEDERACIÓN COLOMBIANA DE DEPORTES AÉREOS,,,,
ENTRENAMIENTO SELECCIÓN COLOMBIA DE PARACAIDISMO,Evento de Preparacion Deportiva,12/04/2013,14/04/2013,ESTADOS UNIDOS,Florida,,FEDERACIÓN COLOMBIANA DE DEPORTES AÉREOS,,,,
2013 WORLD CUP BRAZIL,Copa Mundo,13/04/2013,20/04/2013,ESTADOS UNIDOS,Florida,,FEDERACIÓN COLOMBIANA DE DEPORTES AÉREOS,,,,
ROB KELLS MEET,Campeonato Norteamericano,13/04/2013,19/04/2013,ESTADOS UNIDOS,Florida,,FEDERACIÓN COLOMBIANA DE DEPORTES AÉREOS,,,,
COMPETENCIA DE VUELO RELATIVO 16 WAY DE AMERICA LATINA,Campeonato Latinoamericano,18/04/2013,21/04/2013,MEXICO,Mexico,,FEDERACIÓN COLOMBIANA DE DEPORTES AÉREOS,,,,
FLYTEC RACE AND RALLY,Concentracion Internacional,25/04/2013,28/04/2013,ESTADOS UNIDOS,Florida,,FEDERACIÓN COLOMBIANA DE DEPORTES AÉREOS,,,,
TOPGUN DE AEROMODELISMO,Open Internacional,01/05/2013,05/05/2013,ESTADOS UNIDOS,Florida,,FEDERACIÓN COLOMBIANA DE DEPORTES AÉREOS,,,,
ENTRENAMIENTO SELECCIÓN COLOMBIA DE PARACAIDISMO,Evento de Preparacion Deportiva,01/05/2013,07/05/2013,ESTADOS UNIDOS,Florida,,FEDERACIÓN COLOMBIANA DE DEPORTES AÉREOS,,,,
2013 USPA CP Nationals,Campeonato Norteamericano,08/05/2013,10/05/2013,ESTADOS UNIDOS,Florida,,FEDERACIÓN COLOMBIANA DE DEPORTES AÉREOS,,,,
1RA VALIDA CIRCUITO ACCURACY - COPA RUITOQUE PARAPENTE ACCURACY,Campeonato Nacional,11/05/2013,13/05/2013,COLOMBIA,Bucaramanga , Santander,FEDERACIÓN COLOMBIANA DE DEPORTES AÉREOS,,,,
ENTRENAMIENTO SELECCION COLOMBIA DE PARAPENTE,Concentracion Internacional,06/06/2013,10/06/2013,COLOMBIA,Cali , Valle del Cauca,FEDERACIÓN COLOMBIANA DE DEPORTES AÉREOS,,,,
3RA VALIDA CIRCUITO NACIONAL,Campeonato Nacional,07/06/2013,10/06/2013,COLOMBIA,Roldanillo , Valle del Cauca,FEDERACIÓN COLOMBIANA DE DEPORTES AÉREOS,,,,
2DO ENCUENTRO DE PARAMOTOR,Campeonato Nacional,07/06/2013,09/06/2013,COLOMBIA,Villavicencio , Meta,FEDERACIÓN COLOMBIANA DE DEPORTES AÉREOS,,,,
CAMPEONATO NACIONAL F3N/F3C,Campeonato Nacional,08/06/2013,09/06/2013,COLOMBIA,Bogotá D.C. , Bogotá D.C.,FEDERACIÓN COLOMBIANA DE DEPORTES AÉREOS,,,,
2DA VALIDA ENTRENAMIENTO WORLD GAMES-COPA CIUDAD DE CALI PARAPENTE ACCURACY,Campeonato Nacional,08/06/2013,10/06/2013,COLOMBIA,Cali , Valle del Cauca,FEDERACIÓN COLOMBIANA DE DEPORTES AÉREOS,,,,
2013 WORLD CUP FRANCE,Copa Mundo,22/06/2013,29/06/2013,FRANCIA,Val Louron,,FEDERACIÓN COLOMBIANA DE DEPORTES AÉREOS,,,,
TORNEO IMAC Y HELICOPTEROS,Torneo Abierto,28/06/2013,01/07/2013,COLOMBIA,Rionegro , Antioquia,FEDERACIÓN COLOMBIANA DE DEPORTES AÉREOS,,,,
COPA IYOMA 2013,Campeonato Nacional,28/06/2013,01/07/2013,COLOMBIA,Roldanillo , Valle del Cauca,FEDERACIÓN COLOMBIANA DE DEPORTES AÉREOS,,,,
CAMPEONATO NACIONAL DE PARACAIDISMO CANOPY PILOTING,Campeonato Nacional,28/06/2013,01/07/2013,COLOMBIA,Cali , Valle del Cauca,FEDERACIÓN COLOMBIANA DE DEPORTES AÉREOS,,,,
CAMPEONATO NACIONAL DE PARACAIDISMO EN CAIDA LIBRE Y PARACAIDISMO MILITAR INTER FUERZAS 2013,Campeonato Nacional,28/06/2013,01/07/2013,COLOMBIA,Melgar , Tolima,FEDERACIÓN COLOMBIANA DE DEPORTES AÉREOS,,,,
3RA VALIDA CIRCUITO ACCURACY -COPA RUITOQUE PARAPENTE ACCURACY,Campeonato Nacional,29/06/2013,01/07/2013,COLOMBIA,Ricaurte , Cundinamarca,FEDERACIÓN COLOMBIANA DE DEPORTES AÉREOS,,,,
ENCUENTRO NACIONAL ANSERMANUEVO,Campeonato Nacional,06/07/2013,08/07/2013,COLOMBIA,Ansermanuevo , Valle del Cauca,FEDERACIÓN COLOMBIANA DE DEPORTES AÉREOS,,,,
13TH WORLD PARAGLIDING CHAMPIONSHIP,Campeonato Mundial,13/07/2013,26/07/2013,BULGARIA,Sopot,,FEDERACIÓN COLOMBIANA DE DEPORTES AÉREOS,,,,
4TA VALIDA CIRCUITO NACIONAL,Campeonato Nacional,19/07/2013,21/07/2013,COLOMBIA,Apia , Risaralda,FEDERACIÓN COLOMBIANA DE DEPORTES AÉREOS,,,,
WORLD GAMES CALI 2013,Campeonato Mundial,25/07/2013,04/08/2013,COLOMBIA,Cali , Valle del Cauca,FEDERACIÓN COLOMBIANA DE DEPORTES AÉREOS,,,,
PARANOIA ACROBATIXXX,Juegos Olímpicos de Verano,02/08/2013,04/08/2013,AUSTRALIA,Zell Am See,,FEDERACIÓN COLOMBIANA DE DEPORTES AÉREOS,,,,
CAMPEONATO NACIONAL DE ALA DELTA,Campeonato Nacional,04/08/2013,10/08/2013,COLOMBIA,Roldanillo , Valle del Cauca,FEDERACIÓN COLOMBIANA DE DEPORTES AÉREOS,,,,
CAMPEONATO LATINOAMERICANO DE PARACAIDISMO,Campeonato Latinoamericano,05/08/2013,11/08/2013,PARAGUAY,Paraguay ,,FEDERACIÓN COLOMBIANA DE DEPORTES AÉREOS,,,,
2013 WORLD CUP SERBIA,Copa Mundo,10/08/2013,17/08/2013,SERBIA,Raska Kopaonik,,FEDERACIÓN COLOMBIANA DE DEPORTES AÉREOS,,,,
28O. CAMPEONATO MUNDIAL FAI PARA CATEGORIA F3A,Campeonato Mundial,15/08/2013,25/08/2013,SUDAFRICA,Henley On Klip,,FEDERACIÓN COLOMBIANA DE DEPORTES AÉREOS,,,,
CAMPEONATO SUIZO,Juegos Olímpicos de Verano,16/08/2013,19/08/2013,SUIZA,Wessen,,FEDERACIÓN COLOMBIANA DE DEPORTES AÉREOS,,,,
5TA VALIDA CIRCUITO NACIONAL,Campeonato Nacional,16/08/2013,19/08/2013,COLOMBIA,El Cerrito , Valle del Cauca,FEDERACIÓN COLOMBIANA DE DEPORTES AÉREOS,,,,
CAMPEONATO NACIONAL F4C,Campeonato Nacional,17/08/2013,19/08/2013,COLOMBIA,Melgar , Tolima,FEDERACIÓN COLOMBIANA DE DEPORTES AÉREOS,,,,
CAMPEONATO NACIONAL F3F,Campeonato Nacional,17/08/2013,18/08/2013,COLOMBIA,Bucaramanga , Santander,FEDERACIÓN COLOMBIANA DE DEPORTES AÉREOS,,,,
COPA COLOMBIA,Campeonato Nacional,18/08/2013,20/08/2013,COLOMBIA,Flandes , Tolima,FEDERACIÓN COLOMBIANA DE DEPORTES AÉREOS,,,,
7TH WORLD PARAGLIDING ACCURACY CHAMPIONSHIP,Clasificatorio al Mundial,18/08/2013,25/08/2013,BOSNIA AND HERZEGOVINA ,Bjelasnica; Sarajevo,,FEDERACIÓN COLOMBIANA DE DEPORTES AÉREOS,,,,
CAMPEONATO BRASILERO DE ALA DELTA,Open Internacional,25/08/2013,31/08/2013,BRASIL,Brasilia,,FEDERACIÓN COLOMBIANA DE DEPORTES AÉREOS,,,,
CAMPEONATO FRANCES,Juegos Olímpicos de Verano,30/08/2013,02/09/2013,FRANCIA,Annecy,,FEDERACIÓN COLOMBIANA DE DEPORTES AÉREOS,,,,
CAMPEONATO MUNDIAL EMPURIABRAVA ESPAÑA 2013,Campeonato Mundial,01/09/2013,30/09/2013,ESPAÑA,España, ,FEDERACIÓN COLOMBIANA DE DEPORTES AÉREOS,,,,
2013 WORLD CUP TURKEY,Copa Mundo,01/09/2013,07/09/2013,TURQUIA,Herzincan,,FEDERACIÓN COLOMBIANA DE DEPORTES AÉREOS,,,,
2013 BELGIAN PARAGLIDING OPEN,Open Internacional,03/09/2013,09/09/2013,SUIZA,Disentis,,FEDERACIÓN COLOMBIANA DE DEPORTES AÉREOS,,,,
SANTA CRUZ FLATS RACE,Open Internacional,15/09/2013,22/09/2013,ESTADOS UNIDOS,Arizona,,FEDERACIÓN COLOMBIANA DE DEPORTES AÉREOS,,,,
COPA ICARO,Juegos Olímpicos de Verano,20/09/2013,23/09/2013,FRANCIA,St. Hilaire,,FEDERACIÓN COLOMBIANA DE DEPORTES AÉREOS,,,,
USA NATIONALS FORMATION SKYDIVING 4 WAY,Campeonato Norteamericano,24/09/2013,29/09/2013,ESTADOS UNIDOS,Chicago,,FEDERACIÓN COLOMBIANA DE DEPORTES AÉREOS,,,,
COPA TOCAIMA,Campeonato Nacional,11/10/2013,14/10/2013,COLOMBIA,Tocaima , Cundinamarca,FEDERACIÓN COLOMBIANA DE DEPORTES AÉREOS,,,,
TORNEO SEMILLEROS ACROBACIA AVIONES Y HELICOPTEROS,Torneo Abierto,11/10/2013,14/10/2013,COLOMBIA,Bogotá D.C. , Bogotá D.C.,FEDERACIÓN COLOMBIANA DE DEPORTES AÉREOS,,,,
CANOA OPEN 2013,Campeonato Latinoamericano,31/10/2013,02/11/2013,ECUADOR,Manabi,,FEDERACIÓN COLOMBIANA DE DEPORTES AÉREOS,,,,
10° ENCUETRO DE PARAPENTE PACHAVITA 2013,Campeonato Nacional,09/11/2013,11/11/2013,COLOMBIA,Pachavita , Boyacá,FEDERACIÓN COLOMBIANA DE DEPORTES AÉREOS,,,,
ACROLATINO,Campeonato Latinoamericano,23/11/2013,25/11/2013,ECUADOR,Ibarra,,FEDERACIÓN COLOMBIANA DE DEPORTES AÉREOS,,,,
WORLD PARAGLIDING SERIES 2013,Clasificatorio al Mundial,30/11/2013,07/12/2013,COLOMBIA,Roldanillo , Valle del Cauca,FEDERACIÓN COLOMBIANA DE DEPORTES AÉREOS,,,,
ACROARICA,Campeonato Latinoamericano,05/12/2013,08/12/2013,CHILE,Arica,,FEDERACIÓN COLOMBIANA DE DEPORTES AÉREOS,,,,
CNC y CCN Selectiva Prueba Completa Juegos Bolivarianos,Torneo Abierto,10/05/2013,12/05/2013,COLOMBIA,Sopo , Cundinamarca,FEDERACIÓN ECUESTRE DE COLOMBIA,,,,
Concurso Nacional de Salto-Chequeo Camp. Centroemaricano Infantil; Prejuvenil; Juvenil; Jovenes,Torneo Abierto,16/05/2013,19/05/2013,COLOMBIA,Cajica , Cundinamarca,FEDERACIÓN ECUESTRE DE COLOMBIA,,,,
Concurso de Salto Chequeo Campeonato Centroamericano-Gira de Occidente,Torneo Abierto,17/05/2013,19/05/2013,COLOMBIA,Rionegro , Antioquia,FEDERACIÓN ECUESTRE DE COLOMBIA,,,,
Concurso Nacional de Adiestramiento Primer Chequeo Juegos Bolivarianos,Torneo Abierto,18/05/2013,19/05/2013,COLOMBIA,Bogotá D.C. , Bogotá D.C.,FEDERACIÓN ECUESTRE DE COLOMBIA,,,,
Clinica para Jinetes de Adiestramiento,Evento de Preparacion Deportiva,23/05/2013,26/05/2013,COLOMBIA,Bogotá D.C. , Bogotá D.C.,FEDERACIÓN ECUESTRE DE COLOMBIA,,,,
Concurso Nacional de Salto; Chequeo Camp. Centroamericano Infantil-Prejuvenil; Juvenil; Jovenes,Torneo Abierto,23/05/2013,26/05/2013,COLOMBIA,Bogotá D.C. , Bogotá D.C.,FEDERACIÓN ECUESTRE DE COLOMBIA,,,,
Concurso de Salto Chequeo Campeonato Centroamericano-Gira de Occidente,Torneo Abierto,24/05/2013,26/05/2013,COLOMBIA,Rionegro , Antioquia,FEDERACIÓN ECUESTRE DE COLOMBIA,,,,
Concurso Nacional de Salto,Torneo Abierto,07/06/2013,10/06/2013,COLOMBIA,Bogotá D.C. , Bogotá D.C.,FEDERACIÓN ECUESTRE DE COLOMBIA,,,,
CEI 1 y 2 Enduro,Torneo Abierto,09/06/2013,09/06/2013,COLOMBIA,Boyacá,Boyacá,FEDERACIÓN ECUESTRE DE COLOMBIA,,,,
Clinica de Prueba Completa,Evento de Preparacion Deportiva,11/06/2013,16/06/2013,COLOMBIA,Bogotá D.C. , Bogotá D.C.,FEDERACIÓN ECUESTRE DE COLOMBIA,,,,
Concurso Nacional Combinado y Concurso Completo Nacional,Torneo Abierto,14/06/2013,16/06/2013,COLOMBIA,Sopo , Cundinamarca,FEDERACIÓN ECUESTRE DE COLOMBIA,,,,
FEI World Jumping Challenge Final,Torneo Abierto,19/06/2013,23/06/2013,COLOMBIA,Cajica , Cundinamarca,FEDERACIÓN ECUESTRE DE COLOMBIA,,,,
Clinica para jinetes y entrenadores de Paraecuestres (adiestramiento),Evento de Preparacion Deportiva,19/06/2013,29/06/2013,COLOMBIA,La Calera , Cundinamarca,FEDERACIÓN ECUESTRE DE COLOMBIA,,,,
Clinica para Jinetes de Adiestramiento,Evento de Preparacion Deportiva,20/06/2013,23/06/2013,COLOMBIA,Bogotá D.C. , Bogotá D.C.,FEDERACIÓN ECUESTRE DE COLOMBIA,,,,
FEI Children Jumping Classic y Concurso Interligas de Salto Copa Gob.de Cun I,Torneo Abierto,20/06/2013,23/06/2013,COLOMBIA,Funza , Cundinamarca,FEDERACIÓN ECUESTRE DE COLOMBIA,,,,
Concurso Interligas de Adiestramiento Segundo Chequeo Bolivarianos,Torneo Abierto,22/06/2013,23/06/2013,COLOMBIA,Bogotá D.C. , Bogotá D.C.,FEDERACIÓN ECUESTRE DE COLOMBIA,,,,
Concurso Interligas de Salto Copa Gob. de Cund II,Torneo Abierto,28/06/2013,01/07/2013,COLOMBIA,Cota , Cundinamarca,FEDERACIÓN ECUESTRE DE COLOMBIA,,,,
Concurso Nacional de Salto Copa Gob. de Cund III,Torneo Abierto,04/07/2013,07/07/2013,COLOMBIA,Cajica , Cundinamarca,FEDERACIÓN ECUESTRE DE COLOMBIA,,,,
Concurso Nacional de Adiestramiento Chequeo Juegos Bolivarianos,Torneo Abierto,05/07/2013,07/07/2013,COLOMBIA,Cali , Valle del Cauca,FEDERACIÓN ECUESTRE DE COLOMBIA,,,,
Clinica de Prueba Completa,Evento de Preparacion Deportiva,09/07/2013,11/07/2013,COLOMBIA,Duitama , Boyacá,FEDERACIÓN ECUESTRE DE COLOMBIA,,,,
CCI1; CIC y2da Selectiva Juegos Bolivarianos,Torneo Abierto,12/07/2013,14/07/2013,COLOMBIA,Boyacá,Boyacá,FEDERACIÓN ECUESTRE DE COLOMBIA,,,,
Concurso Internacional de Vaulting CVI,Torneo Abierto,12/07/2013,14/07/2013,COLOMBIA,Cajica , Cundinamarca,FEDERACIÓN ECUESTRE DE COLOMBIA,,,,
FEI World Jumping Challenge Cat. B y C e Interligas de Salto,Torneo Abierto,26/07/2013,28/07/2013,COLOMBIA,Bogotá D.C. , Bogotá D.C.,FEDERACIÓN ECUESTRE DE COLOMBIA,,,,
Clinica para Volteadores y Entrenadores FEI Coaching System Vaulting,Evento de Preparacion Deportiva,03/08/2013,08/08/2013,COLOMBIA,Bogotá D.C. , Bogotá D.C.,FEDERACIÓN ECUESTRE DE COLOMBIA,,,,
Concurso Nal de Salto Selectiva Juegos Bolivarianos,Torneo Abierto,08/08/2013,11/08/2013,COLOMBIA,Bogotá D.C. , Bogotá D.C.,FEDERACIÓN ECUESTRE DE COLOMBIA,,,,
Clinica de Prueba Completa,Evento de Preparacion Deportiva,13/08/2013,15/08/2013,COLOMBIA,Funza , Cundinamarca,FEDERACIÓN ECUESTRE DE COLOMBIA,,,,
Concurso Nal. de Adiestramiento y Combinado y Concurso Completo Nal. Selectiva Juegos Bolivarianos,Torneo Abierto,16/08/2013,18/08/2013,COLOMBIA,Funza , Cundinamarca,FEDERACIÓN ECUESTRE DE COLOMBIA,,,,
FEI World Jumping Challenge Cat. A e Interligas de Salto Selectiva Juegos Bolivarianos,Torneo Abierto,16/08/2013,19/08/2013,COLOMBIA,Bogotá D.C. , Bogotá D.C.,FEDERACIÓN ECUESTRE DE COLOMBIA,,,,
Carrera Nacional de Endurance,Torneo Abierto,18/08/2013,18/08/2013,COLOMBIA,Medellín, Antioquia,FEDERACIÓN ECUESTRE DE COLOMBIA,,,,
Curso FEI para Jueces de Salto,Evento de Preparacion Deportiva,28/08/2013,30/08/2013,COLOMBIA,Bogotá D.C. , Bogotá D.C.,FEDERACIÓN ECUESTRE DE COLOMBIA,,,,
CSI-W Concurso Internacional De Salto Calificativa A La Final De La Copa Del Mundo,Torneo Abierto,28/08/2013,01/09/2013,COLOMBIA,Bogotá D.C. , Bogotá D.C.,FEDERACIÓN ECUESTRE DE COLOMBIA,,,,
Clinica para Jinetes de Adiestramiento,Evento de Preparacion Deportiva,29/08/2013,01/09/2013,COLOMBIA,Bogotá D.C. , Bogotá D.C.,FEDERACIÓN ECUESTRE DE COLOMBIA,,,,
Curso FEI para Diseñadores de Pista,Evento de Preparacion Deportiva,29/08/2013,03/09/2013,COLOMBIA,Bogotá D.C. , Bogotá D.C.,FEDERACIÓN ECUESTRE DE COLOMBIA,,,,
Curso FEI para Stewards,Evento de Preparacion Deportiva,02/09/2013,04/09/2013,COLOMBIA,Bogotá D.C. , Bogotá D.C.,FEDERACIÓN ECUESTRE DE COLOMBIA,,,,
CSI-W Derby e Internacional Infantil de Salto,Torneo Abierto,04/09/2013,08/09/2013,COLOMBIA,Bogotá D.C. , Bogotá D.C.,FEDERACIÓN ECUESTRE DE COLOMBIA,,,,
Selectiva Juegos Bolivarianos y Curso FEI para Jueces de Adiestramiento,Torneo Abierto,05/09/2013,08/09/2013,COLOMBIA,Bogotá D.C. , Bogotá D.C.,FEDERACIÓN ECUESTRE DE COLOMBIA,,,,
Concurso Nacional de Adiestramiento Chequeo Juegos Bolivarianos,Torneo Abierto,14/09/2013,15/09/2013,COLOMBIA,Cota , Cundinamarca,FEDERACIÓN ECUESTRE DE COLOMBIA,,,,
Campeonato Americano de Jovenes y Suramericano Juvenil ; prejuvenil e Infantil,Campeonato Suramericano,17/09/2013,22/09/2013,ARGENTINA,Rosario,,FEDERACIÓN ECUESTRE DE COLOMBIA,,,,
Campeonato Centroamericano y del Caribe Infantil; Juvenil y Prejuvenil,Campeonato Centroamericano y del Caribe,17/09/2013,22/09/2013,VENEZUELA,Caracas,,FEDERACIÓN ECUESTRE DE COLOMBIA,,,,
Clinica de Prueba Completa,Evento de Preparacion Deportiva,18/09/2013,20/09/2013,COLOMBIA,Duitama , Boyacá,FEDERACIÓN ECUESTRE DE COLOMBIA,,,,
Concurso Interligas de Salto,Torneo Abierto,19/09/2013,22/09/2013,COLOMBIA,Bogotá D.C. , Bogotá D.C.,FEDERACIÓN ECUESTRE DE COLOMBIA,,,,
Concurso FEI CIC y 1 y 2 y CCI 1 Selectiva Juegos Bolivarianos,Torneo Abierto,20/09/2013,22/09/2013,COLOMBIA,Boyacá,Boyacá,FEDERACIÓN ECUESTRE DE COLOMBIA,,,,
Curso FEI Coaching System Level 3,Evento de Preparacion Deportiva,22/09/2013,26/09/2013,COLOMBIA,Bogotá D.C. , Bogotá D.C.,FEDERACIÓN ECUESTRE DE COLOMBIA,,,,
Campeonato Panamericano de Enduro,Campeonato Panamericano,25/09/2013,27/09/2013,URUGUAY,Trinidad,,FEDERACIÓN ECUESTRE DE COLOMBIA,,,,
Concurso Nacional de Vaulting,Torneo Abierto,28/09/2013,29/09/2013,COLOMBIA,Bogotá D.C. , Bogotá D.C.,FEDERACIÓN ECUESTRE DE COLOMBIA,,,,
Carrera Nacional de Endurance,Torneo Abierto,28/09/2013,28/09/2013,COLOMBIA,Duitama , Boyacá,FEDERACIÓN ECUESTRE DE COLOMBIA,,,,
Clinica para Jinetes de Salto en Medellin y Cali,Evento de Preparacion Deportiva,02/10/2013,30/10/2013,COLOMBIA,Cali , Valle del Cauca,FEDERACIÓN ECUESTRE DE COLOMBIA,,,,
Concurso Nacional de Salto Selectiva Juegos Bolivarianos,Torneo Abierto,03/10/2013,06/10/2013,COLOMBIA,Bogotá D.C. , Bogotá D.C.,FEDERACIÓN ECUESTRE DE COLOMBIA,,,,
Clinica para Jinetes de Adiestramiento,Evento de Preparacion Deportiva,17/10/2013,20/10/2013,COLOMBIA,Bogotá D.C. , Bogotá D.C.,FEDERACIÓN ECUESTRE DE COLOMBIA,,,,
Campeonato Prueba Completa 2013,Campeonato Nacional,17/10/2013,20/10/2013,COLOMBIA,Duitama , Boyacá,FEDERACIÓN ECUESTRE DE COLOMBIA,,,,
Curso FEI para Jueces y Oficiales de Enduro,Evento de Preparacion Deportiva,23/10/2013,25/10/2013,COLOMBIA,Bogotá D.C. , Bogotá D.C.,FEDERACIÓN ECUESTRE DE COLOMBIA,,,,
Concurso Interligas de Salto,Torneo Abierto,24/10/2013,27/10/2013,COLOMBIA,Cajica , Cundinamarca,FEDERACIÓN ECUESTRE DE COLOMBIA,,,,
Campeonatos Nacionales de Adiestramiento 2013,Campeonato Nacional,24/10/2013,27/10/2013,COLOMBIA,Bogotá D.C. , Bogotá D.C.,FEDERACIÓN ECUESTRE DE COLOMBIA,,,,
CEI1;2 Y 3 Campeonatos Nacionales de Enduro 2013,Campeonato Nacional,26/10/2013,27/10/2013,COLOMBIA,Mosquera , Cundinamarca,FEDERACIÓN ECUESTRE DE COLOMBIA,,,,
Concurso Nacional de Vaulting,Torneo Abierto,26/10/2013,27/10/2013,COLOMBIA,Cota , Cundinamarca,FEDERACIÓN ECUESTRE DE COLOMBIA,,,,
FEI World Dresssage Challenge,Torneo Abierto,01/11/2013,03/11/2013,COLOMBIA,Bogotá D.C. , Bogotá D.C.,FEDERACIÓN ECUESTRE DE COLOMBIA,,,,
Campeonato Colombiano Intermedia y Equipos,Campeonato Nacional,01/11/2013,04/11/2013,COLOMBIA,Bogotá D.C. , Bogotá D.C.,FEDERACIÓN ECUESTRE DE COLOMBIA,,,,
Campeonato Preinfantil; Infantil y Jinetes 0.80 Mts,Campeonato Nacional,08/11/2013,11/11/2013,COLOMBIA,Cajica , Cundinamarca,FEDERACIÓN ECUESTRE DE COLOMBIA,,,,
Campeonatos Nacionales y Clinica para Jueces y Jinetes de Vaulting,Campeonato Nacional,12/11/2013,17/11/2013,COLOMBIA,Bogotá D.C. , Bogotá D.C.,FEDERACIÓN ECUESTRE DE COLOMBIA,,,,
Campeonato Juvenil Jinetes 1.20Mts y Jinetes 1.00Mts,Campeonato Nacional,14/11/2013,17/11/2013,COLOMBIA,Bogotá D.C. , Bogotá D.C.,FEDERACIÓN ECUESTRE DE COLOMBIA,,,,
Juegos Bolivarianos 2013,Juegos Bolivarianos,14/11/2013,24/11/2013,PERU,Lima,,FEDERACIÓN ECUESTRE DE COLOMBIA,,,,
FEI Children Jumping Classic Mudial FEI,Torneo Abierto,10/12/2013,15/12/2013,BRASIL,Brasilia,,FEDERACIÓN ECUESTRE DE COLOMBIA,,,,
CONCENTRACION PANAMERICANO MAYORES,Concentración Nacional,31/05/2013,06/06/2013,COLOMBIA,Bogotá D.C. y Cali,,FEDERACIÓN COLOMBIANA DE ESGRIMA,,,,
CAMPEONATO NACIONAL VENCEDORES/3ER ESCALAFÓN MAYORES,Campeonato Nacional,06/06/2013,10/06/2013,COLOMBIA,Cali , Valle del Cauca,FEDERACIÓN COLOMBIANA DE ESGRIMA,,,,
CAMPEONATO PANAMERICANO MAYORES,Campeonato Panamericano,15/06/2013,22/06/2013,COLOMBIA,Cartagena,Bolívar,FEDERACIÓN COLOMBIANA DE ESGRIMA,,,,
1ER FESTIVAL INFANTIL/2DO ESCALAFÓN NACIONAL CADETES Y JUVENILES,Campeonato Nacional,17/07/2013,21/07/2013,COLOMBIA,Manizales , Caldas,FEDERACIÓN COLOMBIANA DE ESGRIMA,,,,
CAMPEONATO MUNDIAL MAYORES,Campeonato Mundial,06/08/2013,14/08/2013,HUNGRIA,Budapest,,FEDERACIÓN COLOMBIANA DE ESGRIMA,,,,
CAMPEONATO PANAMERICANO INFANTIL - VETERANOS,Campeonato Panamericano,16/08/2013,20/08/2013,COSTA RICA,San José,,FEDERACIÓN COLOMBIANA DE ESGRIMA,,,,
CAMPEONATO SENIOR MASTER,Campeonato Nacional,17/08/2013,19/08/2013,COLOMBIA,Ibague , Tolima,FEDERACIÓN COLOMBIANA DE ESGRIMA,,,,
2DO FESTIVAL INFANTIL/2ER ESCALAFÓN CADETES Y JUVENIL,Campeonato Nacional,05/09/2013,08/09/2013,COLOMBIA,Madrid , Cundinamarca,FEDERACIÓN COLOMBIANA DE ESGRIMA,,,,
CAMPEONATO CENTROAMERICANO Y DEL CARIBE MAYORES,Campeonato Centroamericano y del Caribe,06/09/2013,10/09/2013,GUATEMALA,Guatemala ,,FEDERACIÓN COLOMBIANA DE ESGRIMA,,,,
JUEGOS SURAMERICANOS JUVENILES,Juegos Suramericanos,18/09/2013,29/09/2013,PERU,Lima,,FEDERACIÓN COLOMBIANA DE ESGRIMA,,,,
4TO ESCALAFÓN NACIONAL DE MAYORES,Campeonato Nacional,10/10/2013,13/10/2013,COLOMBIA,Pereira , Risaralda,FEDERACIÓN COLOMBIANA DE ESGRIMA,,,,
CAMPEONATO CENTROAMERICANO Y DEL CARIBE CADETES Y JUVENIL,Campeonato Centroamericano y del Caribe,18/10/2013,21/10/2013,NICARAGUA,Nicaragua,,FEDERACIÓN COLOMBIANA DE ESGRIMA,,,,
TORNEO INVITACIONAL DE SABLE ROSALBA RINCÓN,Campeonato Nacional,02/11/2013,05/11/2013,COLOMBIA,Cali , Valle del Cauca,FEDERACIÓN COLOMBIANA DE ESGRIMA,,,,
GRAN NACIONAL DE MAYORES,Campeonato Nacional,06/11/2013,11/11/2013,COLOMBIA,Cali , Valle del Cauca,FEDERACIÓN COLOMBIANA DE ESGRIMA,,,,
JUEGOS BOLIVARIANOS,Juegos Bolivarianos,15/11/2013,30/11/2013,PERU,Lima,,FEDERACIÓN COLOMBIANA DE ESGRIMA,,,,
GRAN NACIONAL INFANTIL; CADETES Y JUVENIL,Juegos Nacionales,03/12/2013,08/12/2013,COLOMBIA,Medellín, Antioquia,FEDERACIÓN COLOMBIANA DE ESGRIMA,,,,
CURSO DE POLITICA DE HABITOS Y ESTILOS DE VIDA SALUDABLE,,16/09/2013,19/09/2013,COLOMBIA,,,COLDEPORTES,,,,
ENCUENTROS REGIONALES DE HYEVS EN NORTE Y SUR DE COLOMBIA,,08/10/2013,11/10/2013,COLOMBIA,,,COLDEPORTES,,,,
ENCUENTROS REGIONALES DE HYEVS EN NORTE Y SUR DE COLOMBIA,,22/10/2013,22/10/2013,COLOMBIA,,,COLDEPORTES,,,,
REUNION ANUAL DE RED DE RIPAF ,,19/09/2013,19/09/2013,COLOMBIA,,,COLDEPORTES,,,,
REUNION ANUAL DE RECOVIAS Y SOCIALIZACION,,09/11/2013,09/11/2013,COLOMBIA,,,COLDEPORTES,,,,
5K POR LA SALUD,,29/09/2013,29/09/2013,COLOMBIA,,,COLDEPORTES,,,,
XIV ENCUENTRO NACIONAL NUEVO COMIENZO,,27/09/2013,31/09/2013,COLOMBIA,,,COLDEPORTES,,,,
ENCUENTRO REGIONAL  SOCIALIZACION LINEAMIENTOS DISCAPACIDAD (3),,18/09/2013,20/09/2013,COLOMBIA,,,COLDEPORTES,,,,
MUJER Y EQUIDAD CONPES,,,,COLOMBIA,,,COLDEPORTES,,,,
JUEGOS COMUNALES,,,,COLOMBIA,,,COLDEPORTES,,,,
JUEGOS LITORAL PACIFICO,,20/11/2013,25/11/2013,COLOMBIA,,,COLDEPORTES,,,,
JUEGOS ORINOQUIA Y AMAZONIA,,,,COLOMBIA,,,COLDEPORTES,,,,
JUEGOS BRAZO MOMPOX,,,,COLOMBIA,,,COLDEPORTES,,,,
JUEGOS INDIGENAS,,,,COLOMBIA,,,COLDEPORTES,,,,
JUEGOS ISLA FUERTE,,,,COLOMBIA,,,COLDEPORTES,,,,
JUEGOS ACORD,,,,COLOMBIA,,,COLDEPORTES,,,,
JUEGOS FUNCION PÚBLICA,,,,COLOMBIA,,,COLDEPORTES,,,,
JUEGOS BINACIONALES,,,,COLOMBIA,,,COLDEPORTES,,,,
MESAS DE TRABAJO REGIONALES PARA CONSTRUIR LA GUIA DE DESARROLLO POLIMOTOR,,,,COLOMBIA,,,COLDEPORTES,,,,
EVENTO NACIONAL PARA SOCIALIZAR LA GUIA DE DESARROLLO POLIMOTOR.,,,,COLOMBIA,,,COLDEPORTES,,,,
EVENTOS REGIONALES PARA SOCIALIZAR LAS EXPERIENCIAS SIGNIFICATIVAS E INNOVADORAS EN EDUCACION FISICA ESCOLAR.,,,,COLOMBIA,,,COLDEPORTES,,,,
EVENTO NACIONAL PARA SOCIALIZAR LAS EXPERIENCIAS SIGNIFICATIVAS E INNOVADORAS EN EDUCACIÓN FISICA ESCOLAR.,,,,COLOMBIA,,,COLDEPORTES,,,,
MESAS REGIONALES PARA SOCIALIZAR LA BATERIA DE PRUEBAS DE CONDICION FISICA,,,,COLOMBIA,,,COLDEPORTES,,,,
CONGRESO NACIONAL DE ESCUELAS DEPORTIVAS,,,,COLOMBIA,,,COLDEPORTES,,,,
CONGRESO INTERNACIONAL DE ESCUELAS DEPORTIVAS,,,,COLOMBIA,,,COLDEPORTES,,,,
MESAS REGIONALES PARA REALIZAR EL DIAGNOSTICO DE LAS ESCUELAS DEPORTIVAS,,,,COLOMBIA,,,COLDEPORTES,,,,
FINALES DEPARTAMENTALES SUPÉRATE - INTERCOLEGIADOS,,,,COLOMBIA,,,COLDEPORTES,,,,
 7 REGIONALES SUPÉRATE-INTERCOLEGIADOS Categoría A,,07/10/2013,11/10/2013,COLOMBIA,,,COLDEPORTES,,,,
 7 REGIONALES SUPÉRATE-INTERCOLEGIADOS Categoría B,,07/10/2013,11/10/2013,COLOMBIA,,,COLDEPORTES,,,,
FINAL NACIONAL SUPÉRATE-INTERCOLEGIADOS 2013 Categoría A,,19/10/2013,31/10/2013,COLOMBIA,,,COLDEPORTES,,,,
FINAL NACIONAL SUPÉRATE-INTERCOLEGIADOS 2013 Categoría B,,19/10/2013,31/10/2013,COLOMBIA,,,COLDEPORTES,,,,
IV   JUEGOS ESCOLARES  CENTROAMERICANOS Y DEL CARIBE 2013,,31/10/2013,09/11/2013,COLOMBIA,,,COLDEPORTES,,,,
XIX JUEGOS ESCOLARES SUDAMERICANOS 2013 ,,,,COLOMBIA,,,COLDEPORTES,,,,
6 REGIONALES DE LOS  XX JUEGOS DEPORTIVOS UNIVERSITARIOS NACIONALES 2013,,,,COLOMBIA,,,COLDEPORTES,,,,
FINAL NACIONAL DE LOS XX JUEGOS DEPORTIVOS UNIVERSITARIOS NACIONALES 2013 ,,,,COLOMBIA,,,COLDEPORTES,,,,
7 ZONALES NACIONALES JUEGOS DEL MAGISTERIO  2013 ,,,,COLOMBIA,,,COLDEPORTES,,,,
